Source_File,Date_Added,Supermarket,Product_Category,Product_ID,Product_Name,Brand,Product_Price,Price_Per_Unit,Weight_g,Price_Per_kg,Energy_kcal_100_g,Fats_In_Product_g,Carbs_In_Product_g,Sugars_In_Product_g,Protein_In_Product_g,Salt_In_Product_g
activia-yoghurt-aardbei-4-x-125-g-228598STK.html,2026-06-26,Jumbo,Yoghurt,228598STK,Activia_Yoghurt_Aardbei_4_x_125_g,Activia,3.0,6.0,500.0,6.0,88.9,14.0,60.0,58.5,18.5,0.6
activia-yoghurt-granen-4-x-125-g-302972STK.html,2026-06-26,Jumbo,Yoghurt,302972STK,Activia_Yoghurt_Granen_4_x_125_g,Activia,3.0,6.0,500.0,6.0,90.6,14.5,56.5,52.5,19.5,0.5
activia-yoghurt-muesli-4-x-125-g-302975STK.html,2026-06-26,Jumbo,Yoghurt,302975STK,Activia_Yoghurt_Muesli_4_x_125_g,Activia,2.9,5.8,500.0,5.8,93.7,14.5,60.0,53.5,19.5,0.5
activia-yoghurt-naturel-4-x-125-g-491422TUB.html,2026-06-26,Jumbo,Yoghurt,491422TUB,Activia_Yoghurt_Naturel_4_x_125_g,Activia,2.4,4.8,500.0,4.8,66.0,17.5,23.5,23.5,19.5,0.5
activia-yoghurt-pruim-4-x-125-g-709840PAK.html,2026-06-26,Jumbo,Yoghurt,709840PAK,Activia_Yoghurt_Pruim_4_x_125_g,Activia,2.9,5.8,500.0,5.8,98.9,17.0,64.5,60.0,17.0,0.5
activia-yoghurt-vanille-4-x-125g-463023POT.html,2026-06-26,Jumbo,Yoghurt,463023POT,Activia_Yoghurt_Vanille_4_x_125g,Activia,2.4,4.8,500.0,4.8,91.8,14.5,63.5,63.5,18.5,0.6
almhof-0-vet-yoghurt-aardbei-571377BKR.html,2026-06-26,Jumbo,Yoghurt,571377BKR,Almhof_0%_vet_yoghurt_aardbei,Almhof,2.2,4.4,500.0,4.4,67.9,0.0,57.0,54.0,22.0,0.6
almhof-0-vet-yoghurt-perzik-maracuja-500-g-574414BKR.html,2026-06-26,Jumbo,Yoghurt,574414BKR,Almhof_0%_Vet_Yoghurt_Perzik_Maracuja_500_g,Almhof,2.0,3.9,500.0,4.0,68.1,0.0,57.0,54.0,22.0,0.6
"almhof-halfvolle-fruit-yoghurt-kers-1,3-vet-500-g-511649CUP.html",2026-06-26,Jumbo,Yoghurt,511649CUP,"Almhof_Halfvolle_Fruit_Yoghurt_Kers_1,3%_Vet_500_g",Almhof,2.2,4.4,500.0,4.4,88.2,6.5,67.0,63.0,23.0,0.8
almhof-halfvolle-fruityoghurt-aardbei-500-g-666599BKR.html,2026-06-26,Jumbo,Yoghurt,666599BKR,Almhof_Halfvolle_Fruityoghurt_Aardbei_500_g,Almhof,2.2,4.4,500.0,4.4,88.2,6.5,67.0,64.0,23.0,0.8
almhof-halfvolle-fruityoghurt-perzik-500-g-31741BAK.html,2026-06-26,Jumbo,Yoghurt,31741BAK,Almhof_Halfvolle_Fruityoghurt_Perzik_500_g,Almhof,2.5,5.0,500.0,5.0,89.6,6.5,68.5,65.5,23.0,0.8
almhof-hoekje-yoghurt-pistache-smaak-met-krokante-amandelen-150-g-577924STK.html,2026-06-26,Jumbo,Yoghurt,577924STK,Almhof_Hoekje_Yoghurt_Pistache_Smaak_met_Krokante_Amandelen_150_g,Almhof,1.5,9.9,150.1,10.0,151.8,9.0,28.5,26.9,6.9,0.2
almhof-roomyoghurt-aardbei-500-g-327921BKR.html,2026-06-26,Jumbo,Yoghurt,327921BKR,Almhof_Roomyoghurt_Aardbei_500_g,Almhof,2.6,5.2,500.0,5.2,137.7,40.5,63.5,60.5,13.5,0.4
almhof-roomyoghurt-mango-special-edition-500-g-291689BKR.html,2026-06-26,Jumbo,Yoghurt,291689BKR,Almhof_roomyoghurt_mango_special_edition_500_g,Almhof,2.6,5.2,500.0,5.2,138.1,40.5,64.5,62.0,13.5,0.4
almhof-roomyoghurt-meloen-500g-736147CUP.html,2026-06-26,Jumbo,Yoghurt,736147CUP,Almhof_Roomyoghurt_Meloen_500g,Almhof,2.6,5.2,500.0,5.2,139.1,40.0,67.0,64.0,13.5,0.5
almhof-roomyoghurt-perzik-maracuja-500-g-327956BKR.html,2026-06-26,Jumbo,Yoghurt,327956BKR,Almhof_Roomyoghurt_Perzik_Maracuja_500_g,Almhof,2.6,5.2,500.0,5.2,141.0,41.0,67.5,64.5,13.5,0.4
almhof-roomyoghurt-spaanse-sinaasappel-500-g-567345BKR.html,2026-06-26,Jumbo,Yoghurt,567345BKR,Almhof_Roomyoghurt_Spaanse_Sinaasappel_500_g,Almhof,2.6,5.2,500.0,5.2,138.1,40.5,62.0,58.5,13.5,0.5
almhof-roomyoghurt-stracciatella-500-g-11255BKR.html,2026-06-26,Jumbo,Yoghurt,11255BKR,Almhof_Roomyoghurt_Stracciatella_500_g,Almhof,2.6,5.2,500.0,5.2,154.4,50.0,61.5,58.5,14.5,0.5
almhof-roomyoghurt-walnoot-griekse-honing-500-g-481085BKR.html,2026-06-26,Jumbo,Yoghurt,481085BKR,Almhof_Roomyoghurt_Walnoot_Griekse_Honing_500_g,Almhof,2.6,5.2,500.0,5.2,147.0,44.0,67.0,63.0,14.5,0.5
almhof-yoghurt-mousse-perzik-maracuja-2-x-95-g-715105PAK.html,2026-06-26,Jumbo,Yoghurt,715105PAK,Almhof_Yoghurt_Mousse_Perzik_Maracuja_2_x_95_g,Almhof,1.8,9.4,190.0,9.5,140.3,12.5,28.3,27.4,8.6,0.3
almhof-yoghurtmousse-aardbei-2-x-95-g-715103CUP.html,2026-06-26,Jumbo,Yoghurt,715103CUP,Almhof_yoghurtmousse_aardbei_2_x_95_g,Almhof,1.8,9.4,190.0,9.5,136.2,12.2,27.6,26.4,8.4,0.4
alpro-mild-creamy-naturel-plantaardige-variatie-op-yoghurt-755g-486574PAK.html,2026-06-26,Jumbo,Yoghurt,486574PAK,Alpro_Mild_&_Creamy_Naturel_Plantaardige_Variatie_Op_Yoghurt_755g,Alpro,2.9,3.8,754.6,3.8,48.3,17.4,16.6,16.6,30.2,1.8
alpro-mild-creamy-no-sugars-soyaproduct-nature-755-g-486575PAK.html,2026-06-26,Jumbo,Yoghurt,486575PAK,Alpro_Mild_&_Creamy_No_Sugars_Soyaproduct_Nature_755_g,Alpro,3.0,4.0,755.1,4.0,42.8,17.4,0.0,0.0,30.2,1.8
alpro-mild-creamy-zonder-suikers-variatie-op-yoghurt-4-x-755g-486575DSL.html,2026-06-26,Jumbo,Yoghurt,486575DSL,Alpro_Mild_&_Creamy_Zonder_Suikers_Variatie_Op_Yoghurt_4_x_755g,Alpro,12.0,4.0,3020.2,4.0,42.8,69.5,0.0,0.0,120.8,7.2
alpro-plantaardige-variatie-op-griekse-stijl-yoghurt-34-vet-400g-563545CUP.html,2026-06-26,Jumbo,Yoghurt,563545CUP,Alpro_Plantaardige_Variatie_Op_Griekse_Stijl_Yoghurt_3.4%_Vet_400g,Alpro,2.5,6.2,399.7,6.3,61.2,13.6,10.0,6.4,16.0,0.9
alpro-plantaardige-variatie-op-yoghurt-aardbei-500g-352668CUP.html,2026-06-26,Jumbo,Yoghurt,352668CUP,Alpro_Plantaardige_Variatie_Op_Yoghurt_Aardbei_500g,Alpro,2.5,5.0,500.0,5.0,68.4,10.5,40.5,39.5,18.0,1.2
alpro-plantaardige-variatie-op-yoghurt-bosbes-500g-44504BAK.html,2026-06-26,Jumbo,Yoghurt,44504BAK,Alpro_Plantaardige_Variatie_Op_Yoghurt_Bosbes_500g,Alpro,2.7,5.4,500.0,5.4,68.8,10.5,40.5,39.5,18.5,0.8
alpro-plantaardige-variatie-op-yoghurt-kers-500g-86958CUP.html,2026-06-26,Jumbo,Yoghurt,86958CUP,Alpro_Plantaardige_Variatie_Op_Yoghurt_Kers_500g,Alpro,2.8,5.6,500.0,5.6,75.0,10.0,47.0,46.5,18.5,1.0
alpro-plantaardige-variatie-op-yoghurt-naturel-500g-45178POT.html,2026-06-26,Jumbo,Yoghurt,45178POT,Alpro_Plantaardige_Variatie_Op_Yoghurt_Naturel_500g,Alpro,2.4,4.8,500.0,4.8,50.7,11.5,10.5,10.5,20.0,1.2
alpro-plantaardige-variatie-op-yoghurt-naturel-zonder-suiker-500g-192073BAK.html,2026-06-26,Jumbo,Yoghurt,192073BAK,Alpro_Plantaardige_Variatie_Op_Yoghurt_Naturel_Zonder_Suiker_500g,Alpro,2.5,5.0,500.0,5.0,42.3,11.5,0.0,0.0,20.0,1.2
alpro-plantaardige-variatie-op-yoghurt-perzik-500g-522825BAK.html,2026-06-26,Jumbo,Yoghurt,522825BAK,Alpro_Plantaardige_Variatie_Op_Yoghurt_Perzik_500g,Alpro,2.7,5.4,500.0,5.4,69.8,10.5,41.5,41.0,18.0,1.2
alpro-plantaardige-variatie-op-yoghurt-vanille-500g-10329BKR.html,2026-06-26,Jumbo,Yoghurt,10329BKR,Alpro_Plantaardige_Variatie_Op_Yoghurt_Vanille_500g,Alpro,2.8,5.6,500.0,5.6,66.7,11.0,37.5,37.5,18.5,1.0
arla-bio-vanille-yoghurt-halfvol-1-l-408145PAK.html,2026-06-26,Jumbo,Yoghurt,408145PAK,Arla_Bio_Vanille_Yoghurt_Halfvol_1_L,Arla,2.4,2.4,1000.0,2.4,69.1,15.0,100.0,91.0,28.0,0.9
arla-bio-volle-yoghurt-1-l-195351PAK.html,2026-06-26,Jumbo,Yoghurt,195351PAK,Arla_Bio_Volle_Yoghurt_1_L,Arla,2.0,2.0,1000.0,2.0,60.0,30.0,39.0,38.0,34.0,1.1
arla-biologisch-milde-halfvolle-yoghurt-1-l-95945PAK.html,2026-06-26,Jumbo,Yoghurt,95945PAK,Arla_Biologisch_Milde_Halfvolle_Yoghurt_1_L,Arla,2.0,2.0,1000.0,2.0,51.1,16.0,45.0,45.0,39.0,1.3
arla-biologisch-skyr-naturel-yoghurt-450-g-196776BKR.html,2026-06-26,Jumbo,Yoghurt,196776BKR,Arla_biologisch_Skyr_Naturel_Yoghurt_450_g,Arla,2.6,5.8,449.7,5.8,64.3,0.0,18.0,18.0,49.5,0.6
arla-lactofree-griekse-stijl-yoghurt-lactosevrij-450g-498514CUP.html,2026-06-26,Jumbo,Yoghurt,498514CUP,Arla_Lactofree_griekse_stijl_yoghurt_lactosevrij_450g,Arla,2.2,4.9,449.7,4.9,104.4,36.0,18.9,18.9,15.7,0.6
arla-lactofree-halfvolle-yoghurt-lactosevrij-1l-209076PAK.html,2026-06-26,Jumbo,Yoghurt,209076PAK,Arla_Lactofree_halfvolle_yoghurt_lactosevrij_1L,Arla,2.5,2.5,1000.0,2.5,42.8,15.0,22.0,22.0,43.0,0.9
arla-lactofree-volle-yoghurt-lactosevrij-1l-489713PAK.html,2026-06-26,Jumbo,Yoghurt,489713PAK,Arla_Lactofree_volle_yoghurt_lactosevrij_1L,Arla,2.3,2.3,1000.0,2.3,54.3,31.0,18.0,18.0,41.0,0.9
arla-skyr-aardbei-yoghurt-0-vet-450g-217285STK.html,2026-06-26,Jumbo,Yoghurt,217285STK,Arla_Skyr_Aardbei_Yoghurt_0%_vet_450g,Arla,2.2,4.9,449.7,4.9,70.0,0.0,33.3,31.0,39.6,0.6
arla-skyr-kokos-yoghurt-0-vet-450g-547426BKR.html,2026-06-26,Jumbo,Yoghurt,547426BKR,Arla_Skyr_Kokos_Yoghurt_0%_vet_450g,Arla,2.2,4.9,449.7,4.9,75.0,2.2,36.0,33.7,38.7,0.5
arla-skyr-naturel-0-fat-200-g-739031CUP.html,2026-06-26,Jumbo,Yoghurt,739031CUP,Arla_Skyr_Naturel_0%_Fat_200_g,Arla,1.5,7.4,200.0,7.5,60.9,0.0,8.0,8.0,20.0,0.3
arla-skyr-naturel-yoghurt-0-vet-450g-161154BKR.html,2026-06-26,Jumbo,Yoghurt,161154BKR,Arla_Skyr_Naturel_Yoghurt_0%_vet_450g,Arla,2.0,4.4,450.2,4.4,60.9,0.0,18.0,18.0,45.0,0.6
arla-skyr-naturel-yoghurt-0-vet-xl-1kg-248004STK.html,2026-06-26,Jumbo,Yoghurt,248004STK,Arla_Skyr_Naturel_Yoghurt_0%_vet_XL_1kg,Arla,4.0,4.0,1000.0,4.0,60.9,0.0,40.0,40.0,100.0,1.4
arla-skyr-vanille-yoghurt-0-vet-450g-179901STK.html,2026-06-26,Jumbo,Yoghurt,179901STK,Arla_Skyr_Vanille_Yoghurt_0%_vet_450g,Arla,2.2,4.9,449.7,4.9,73.1,0.0,37.3,33.7,38.7,0.5
arla-skyr-vanille-yoghurt-0-vet-xl-1kg-368428EM.html,2026-06-26,Jumbo,Yoghurt,368428EM,Arla_Skyr_Vanille_Yoghurt_0%_vet_XL_1kg,Arla,4.2,4.2,1000.0,4.2,73.9,0.0,86.0,75.0,,1.2
campina-griekse-stijl-yoghurt-10-vet-1-kg-284575EM.html,2026-06-26,Jumbo,Yoghurt,284575EM,Campina_Griekse_Stijl_Yoghurt_10%_Vet_1_kg,Campina,3.5,3.5,1000.0,3.5,123.8,100.0,38.0,38.0,43.0,1.5
campina-griekse-stijl-yoghurt-2-vet-1-kg-428922BKR.html,2026-06-26,Jumbo,Yoghurt,428922BKR,Campina_Griekse_Stijl_Yoghurt_2%_Vet_1_kg,Campina,3.4,3.4,1000.0,3.4,63.8,20.0,41.0,41.0,64.0,2.5
campina-halfvolle-yoghurt-extra-proteine-1-l-736023PAK.html,2026-06-26,Jumbo,Yoghurt,736023PAK,Campina_Halfvolle_Yoghurt_Extra_Proteïne_1_L,Campina,2.0,2.0,1000.0,2.0,61.9,15.0,51.0,51.0,,1.5
campina-halfvolle-yoghurt-vanillesmaak-1-l-527080PAK.html,2026-06-26,Jumbo,Yoghurt,527080PAK,Campina_Halfvolle_Yoghurt_Vanillesmaak_1_L,Campina,2.0,2.0,1000.0,2.0,75.8,16.0,110.0,100.0,31.0,0.9
"campina-high-protein-greek-style-yoghurt-1,5-fat-450-g-736025CUP.html",2026-06-26,Jumbo,Yoghurt,736025CUP,"Campina_High_Protein_Greek_Style_Yoghurt_1,5_%_Fat_450_g",Campina,2.1,4.6,450.4,4.7,71.5,6.8,15.3,15.3,45.0,0.3
campina-high-protein-greek-style-yoghurt-5-fat-450-g-736026CUP.html,2026-06-26,Jumbo,Yoghurt,736026CUP,Campina_High_Protein_Greek-Style_Yoghurt_5%_Fat_450_g,Campina,2.2,4.9,449.7,4.9,98.9,22.5,14.8,14.8,41.8,0.3
"campina-high-protein-greek-yoghurt-1,5-fat-1-kg-678562CUP.html",2026-06-26,Jumbo,Yoghurt,678562CUP,"Campina_High_Protein_Greek_Yoghurt_1,5%_Fat_1_kg",Campina,3.7,3.7,1000.0,3.7,74.8,15.0,40.0,40.0,100.0,1.0
campina-high-protein-greek-yoghurt-5-fat-1-kg-678581CUP.html,2026-06-26,Jumbo,Yoghurt,678581CUP,Campina_High_Protein_Greek_Yoghurt_5%_Fat_1_kg,Campina,3.8,3.8,1000.0,3.8,105.4,51.0,42.0,42.0,95.0,1.0
campina-magere-yoghurt-1-l-527014PAK.html,2026-06-26,Jumbo,Yoghurt,527014PAK,Campina_Magere_Yoghurt_1_L,Campina,1.7,1.7,1000.0,1.7,38.5,0.0,37.0,37.0,44.0,1.2
campina-magere-yoghurt-500-ml-526999PAK.html,2026-06-26,Jumbo,Yoghurt,526999PAK,Campina_Magere_Yoghurt_500_ml,Campina,1.2,2.4,500.0,2.4,39.9,0.0,20.0,20.0,23.5,0.7
campina-magere-yoghurt-extra-proteine-1-l-736022PAK.html,2026-06-26,Jumbo,Yoghurt,736022PAK,Campina_Magere_Yoghurt_Extra_Proteïne_1_L,Campina,2.0,2.0,1000.0,2.0,49.0,1.0,50.0,50.0,,1.5
campina-milde-halfvolle-yoghurt-1-l-31677PAK.html,2026-06-26,Jumbo,Yoghurt,31677PAK,Campina_Milde_Halfvolle_Yoghurt_1_L,Campina,1.9,1.9,1000.0,1.9,49.2,15.0,38.0,38.0,40.0,1.1
campina-volle-yoghurt-1-l-526937PAK.html,2026-06-26,Jumbo,Yoghurt,526937PAK,Campina_Volle_Yoghurt_1_L,Campina,2.0,2.0,1000.0,2.0,62.6,31.0,37.0,37.0,39.0,1.1
campina-volle-yoghurt-500-ml-526966PAK.html,2026-06-26,Jumbo,Yoghurt,526966PAK,Campina_Volle_Yoghurt_500_ml,Campina,1.3,2.6,500.0,2.6,59.8,15.0,17.5,17.5,19.0,0.6
campina-volle-yoghurt-extra-proteine-1-l-736024PAK.html,2026-06-26,Jumbo,Yoghurt,736024PAK,Campina_Volle_Yoghurt_Extra_Proteïne_1_L,Campina,2.3,2.3,1000.0,2.3,73.9,30.0,51.0,,,1.5
danone-af-en-toetje-yoghurt-sprinklins-220-g-178334STK.html,2026-06-26,Jumbo,Yoghurt,178334STK,Danone_Af_en_Toetje_Yoghurt_Sprinklins_220_g,Danone,2.0,9.0,219.9,9.1,101.6,7.0,28.8,21.8,10.6,0.3
danone-mm-s-vanilleyoghurt-120-g-578882STK.html,2026-06-26,Jumbo,Yoghurt,578882STK,Danone_M&M's_Vanilleyoghurt_120_g,Danone,1.3,10.8,120.0,10.8,126.7,4.4,22.3,21.1,5.6,0.2
danoontje-yoghurt-tussendoortje-aardbei-70g-578830PAK.html,2026-06-26,Jumbo,Yoghurt,578830PAK,Danoontje_Yoghurt_Tussendoortje_Aardbei_70g,Danoontje,1.0,14.1,70.0,14.3,76.2,1.8,6.6,5.5,2.5,0.1
danoontje-yoghurt-tussendoortje-appel-aardbei-70-g-577795ZK.html,2026-06-26,Jumbo,Yoghurt,577795ZK,Danoontje_Yoghurt_Tussendoortje_Appel_Aardbei_70_g,Danoontje,1.0,14.1,70.0,14.3,77.7,1.9,6.7,5.1,2.5,0.1
danoontje-yoghurt-tussendoortje-banaan-70g-577806ZK.html,2026-06-26,Jumbo,Yoghurt,577806ZK,Danoontje_Yoghurt_Tussendoortje_Banaan_70g,Danoontje,1.0,14.1,70.0,14.3,79.3,1.8,7.2,6.0,2.5,0.1
den-eelder-boeren-milde-halfvolle-yoghurt-1-l-48947PAK.html,2026-06-26,Jumbo,Yoghurt,48947PAK,Den_Eelder_Boeren_Milde_Halfvolle_Yoghurt_1_L,Den,1.9,1.9,1000.0,1.9,44.9,15.0,43.0,26.0,35.0,1.0
den-eelder-boeren-vanille-yoghurt-1-l-48948PAK.html,2026-06-26,Jumbo,Yoghurt,48948PAK,den_Eelder_Boeren_Vanille_Yoghurt_1_L,den,2.4,2.4,1000.0,2.4,87.5,36.0,104.0,86.0,33.0,1.1
den-eelder-boeren-volle-yoghurt-1-l-31782PAK.html,2026-06-26,Jumbo,Yoghurt,31782PAK,den_Eelder_Boeren_Volle_Yoghurt_1_L,den,2.2,2.2,1000.0,2.2,63.8,40.0,40.0,22.0,35.0,1.1
"den-eelder-geiten-yoghurt-0,5-l-37129PAK.html",2026-06-26,Jumbo,Yoghurt,37129PAK,"Den_Eelder_Geiten_Yoghurt_0,5_L",Den,1.9,3.8,500.0,3.8,62.9,19.5,17.5,11.0,17.0,0.5
dodoni-authentieke-griekse-yoghurt-0-vet-170-g-577793CUP.html,2026-06-26,Jumbo,Yoghurt,577793CUP,Dodoni_Authentieke_Griekse_Yoghurt_0%_Vet_170_g,Dodoni,1.3,7.6,170.0,7.6,48.0,,4.8,4.8,15.3,
dodoni-authentieke-griekse-yoghurt-0-vet-500-g-257407BKR.html,2026-06-26,Jumbo,Yoghurt,257407BKR,Dodoni_Authentieke_Griekse_Yoghurt_0%_Vet_500_g,Dodoni,2.7,5.4,500.0,5.4,48.0,,14.0,14.0,45.0,
dodoni-authentieke-griekse-yoghurt-10-vet-1-kg-583152POT.html,2026-06-26,Jumbo,Yoghurt,583152POT,Dodoni_Authentieke_Griekse_Yoghurt_10%_Vet_1_kg,Dodoni,5.0,5.0,1000.0,5.0,124.3,,29.0,29.0,59.0,
dodoni-authentieke-griekse-yoghurt-10-vet-170-g-577802CUP.html,2026-06-26,Jumbo,Yoghurt,577802CUP,Dodoni_Authentieke_Griekse_Yoghurt_10%_Vet_170_g,Dodoni,1.5,8.8,170.1,8.8,124.3,,4.9,4.9,10.0,
dodoni-authentieke-griekse-yoghurt-10-vet-500-g-257453BKR.html,2026-06-26,Jumbo,Yoghurt,257453BKR,Dodoni_Authentieke_Griekse_Yoghurt_10%_Vet_500_g,Dodoni,3.0,6.0,500.0,6.0,124.3,,14.5,14.5,29.5,
halfvolle-vanille-yoghurt-1-l-257952PAK.html,2026-06-26,Jumbo,Yoghurt,257952PAK,Halfvolle_Vanille_Yoghurt_1_L,Halfvolle,1.5,1.5,1000.0,1.5,80.1,,126.0,118.0,,1.1
halfvolle-yoghurt-1-l-619619PAK.html,2026-06-26,Jumbo,Yoghurt,619619PAK,Halfvolle_Yoghurt_1_L,Halfvolle,1.0,1.0,1000.0,1.0,50.0,16.0,40.0,40.0,48.0,1.4
hipro-protein-kwark-banaan-200-g-578578ZK.html,2026-06-26,Jumbo,Yoghurt,578578ZK,HiPRO_Protein_Kwark_Banaan_200_g,HiPRO,2.0,10.0,200.0,10.0,70.5,0.8,8.0,6.6,24.8,0.2
hipro-protein-kwark-banaan-6-x-200-g-578578DSL.html,2026-06-26,Jumbo,Yoghurt,578578DSL,HiPRO_Protein_Kwark_Banaan_6_x_200_g,HiPRO,11.9,10.0,1200.0,9.9,70.5,4.8,48.0,39.6,148.8,1.4
hipro-protein-kwark-bosvruchten-200g-578690ZK.html,2026-06-26,Jumbo,Yoghurt,578690ZK,HiPRO_Protein_Kwark_Bosvruchten_200g,HiPRO,2.0,10.0,200.0,10.0,69.3,0.8,7.2,5.6,24.8,0.2
hipro-protein-kwark-bosvruchten-6-x-200-g-578690DSL.html,2026-06-26,Jumbo,Yoghurt,578690DSL,HiPRO_Protein_Kwark_Bosvruchten_6_x__200_g,HiPRO,11.9,10.0,1200.0,9.9,69.3,4.8,43.2,33.6,148.8,1.4
hipro-protein-skyr-stijl-vanille-450g-478256CUP.html,2026-06-26,Jumbo,Yoghurt,478256CUP,HiPRO_Protein_Skyr_Stijl_Vanille_450g,HiPRO,3.0,6.6,450.3,6.7,53.8,0.5,16.2,14.0,42.3,0.4
hipro-proteine-skyr-stijl-stracciatella-450-g-521733CUP.html,2026-06-26,Jumbo,Yoghurt,521733CUP,HiPRO_Proteïne_Skyr_Stijl_Stracciatella_450_g,HiPRO,3.0,6.6,450.3,6.7,57.1,2.3,16.2,14.0,42.3,0.5
isey-skyr-air-chocolate-coconut-125-g-715102CUP.html,2026-06-26,Jumbo,Yoghurt,715102CUP,Ísey_Skyr_Air_Chocolate-Coconut_125_g,Ísey,1.7,13.5,125.0,13.6,78.9,,4.4,,11.4,0.2
isey-skyr-air-mousse-passionfruit-125-g-715063CUP.html,2026-06-26,Jumbo,Yoghurt,715063CUP,Ísey_Skyr_Air_Mousse_Passionfruit_125_g,Ísey,1.7,13.5,125.0,13.6,71.5,,5.1,,10.6,0.2
isey-skyr-air-mousse-stracciatella-125-g-652299CUP.html,2026-06-26,Jumbo,Yoghurt,652299CUP,Ísey_Skyr_Air_Mousse_Stracciatella_125_g,Ísey,1.7,13.5,125.0,13.6,73.6,,4.2,,10.5,0.2
isey-skyr-banana-toffee-125-g-603608CUP.html,2026-06-26,Jumbo,Yoghurt,603608CUP,Ísey_Skyr_Banana_-_Toffee_125_g,Ísey,1.7,13.5,125.0,13.6,75.0,,6.2,,10.6,0.2
isey-skyr-blueberry-pie-400g-494994CUP.html,2026-06-26,Jumbo,Yoghurt,494994CUP,Ísey_Skyr_Blueberry_Pie_400g,Ísey,3.0,7.5,399.7,7.5,62.9,,20.8,,38.4,0.3
isey-skyr-cherry-cheesecake-140-g-715065ZK.html,2026-06-26,Jumbo,Yoghurt,715065ZK,Ísey_Skyr_Cherry_Cheesecake_140_g,Ísey,1.9,13.5,140.0,13.6,75.0,,6.0,,13.0,0.2
isey-skyr-cherry-chocolate-125-g-603609CUP.html,2026-06-26,Jumbo,Yoghurt,603609CUP,Ísey_Skyr_Cherry_-_Chocolate_125_g,Ísey,1.7,13.5,125.0,13.6,82.0,3.9,5.9,5.4,10.9,0.2
isey-skyr-creme-brulee-170g-578698STK.html,2026-06-26,Jumbo,Yoghurt,578698STK,Ísey_Skyr_Crème_Brûlée_170g,Ísey,1.9,11.1,170.0,11.2,77.0,,6.8,,16.2,0.2
isey-skyr-lactose-free-aardbei-witte-chocolade-400-g-456491CUP.html,2026-06-26,Jumbo,Yoghurt,456491CUP,Ísey_Skyr_Lactose_Free_Aardbei-Witte_Chocolade_400_g,Ísey,3.0,7.5,399.7,7.5,84.6,,17.2,,34.0,0.4
isey-skyr-lactose-free-vanille-400-g-634432CUP.html,2026-06-26,Jumbo,Yoghurt,634432CUP,Ísey_Skyr_Lactose_Free_Vanille_400_g,Ísey,3.0,7.5,399.7,7.5,55.9,0.8,14.4,12.4,38.8,0.5
isey-skyr-lemon-cheesecake-170g-578248CUP.html,2026-06-26,Jumbo,Yoghurt,578248CUP,Ísey_Skyr_Lemon_Cheesecake_170g,Ísey,1.9,11.1,170.0,11.2,60.0,,8.2,,16.2,0.3
isey-skyr-lemon-cheesecake-6-x-170g-578248TRL.html,2026-06-26,Jumbo,Yoghurt,578248TRL,Isey_Skyr_Lemon-Cheesecake_6_x_170g,Isey,11.3,11.1,1019.8,11.1,60.0,,49.0,,96.9,2.0
isey-skyr-mandarin-pie-140-g-578263ZK.html,2026-06-26,Jumbo,Yoghurt,578263ZK,Ísey_Skyr_Mandarin_Pie_140_g,Ísey,1.9,13.5,140.0,13.6,71.7,,5.7,,12.5,0.2
isey-skyr-mango-matcha-170g-753523CUP.html,2026-06-26,Jumbo,Yoghurt,753523CUP,Ísey_Skyr_Mango-Matcha_170g,Ísey,1.9,11.1,170.0,11.2,75.0,3.7,7.3,6.8,15.8,0.3
isey-skyr-mango-panna-cotta-400-g-715068CUP.html,2026-06-26,Jumbo,Yoghurt,715068CUP,Ísey_Skyr_Mango_Panna_Cotta_400_g,Ísey,3.0,7.5,399.7,7.5,75.0,,16.8,,37.6,0.3
isey-skyr-perzik-140-g-603211ZK.html,2026-06-26,Jumbo,Yoghurt,603211ZK,Ísey_Skyr_Perzik_140_g,Ísey,1.9,13.5,140.0,13.6,71.7,,5.7,,12.5,0.2
isey-skyr-perzik-400-g-634022CUP.html,2026-06-26,Jumbo,Yoghurt,634022CUP,Ísey_Skyr_Perzik_400_g,Ísey,3.0,7.5,399.7,7.5,70.5,,15.6,,35.6,0.6
isey-skyr-toffee-140g-578249ZK.html,2026-06-26,Jumbo,Yoghurt,578249ZK,Ísey_Skyr_Toffee_140g,Ísey,1.9,13.5,140.0,13.6,71.2,,5.3,,12.7,0.3
isey-skyr-toffee-578249DSL.html,2026-06-26,Jumbo,Yoghurt,578249DSL,Ísey_Skyr_Toffee,Ísey,15.1,13.5,1120.0,13.5,71.2,,42.6,,101.9,2.4
isey-skyr-vanille-140g-578871DSL.html,2026-06-26,Jumbo,Yoghurt,578871DSL,Ísey_Skyr_Vanille_140g,Ísey,15.1,13.5,1120.0,13.5,71.0,,40.3,,104.2,1.5
isey-skyr-vanille-140g-578871ZK.html,2026-06-26,Jumbo,Yoghurt,578871ZK,Ísey_Skyr_Vanille_140g,Ísey,1.9,13.5,140.0,13.6,71.0,,5.0,,13.0,0.2
jumbo-biologisch-halfvolle-biogarde-stand-500-g-221284BKR.html,2026-06-26,Jumbo,Yoghurt,221284BKR,Jumbo_Biologisch_Halfvolle_Biogarde_Stand_500_g,Jumbo,1.5,3.0,500.0,3.0,49.5,7.5,22.5,22.5,22.0,0.8
jumbo-biologisch-magere-yoghurt-1-l-420597PAK.html,2026-06-26,Jumbo,Yoghurt,420597PAK,Jumbo_Biologisch_Magere_Yoghurt_1_L,Jumbo,1.5,1.5,1000.0,1.5,37.3,3.0,40.0,40.0,45.0,1.1
jumbo-biologisch-volle-biogarde-roer-500-g-221285BKR.html,2026-06-26,Jumbo,Yoghurt,221285BKR,Jumbo_Biologisch_Volle_Biogarde_Roer_500_g,Jumbo,1.6,3.2,500.0,3.2,59.5,17.5,17.5,17.5,17.5,0.5
jumbo-biologisch-volle-yoghurt-1-l-421677PAK.html,2026-06-26,Jumbo,Yoghurt,421677PAK,Jumbo_Biologisch_Volle_Yoghurt_1_L,Jumbo,1.8,1.8,1000.0,1.8,55.0,30.0,34.0,34.0,36.0,1.0
jumbo-biologische-halfvolle-yoghurt-1-l-420600PAK.html,2026-06-26,Jumbo,Yoghurt,420600PAK,Jumbo_Biologische_Halfvolle_Yoghurt_1_L,Jumbo,1.6,1.6,1000.0,1.6,50.2,15.0,43.0,43.0,42.0,
jumbo-griekse-yoghurt-biologisch-10-vet-1-kg-428574EM.html,2026-06-26,Jumbo,Yoghurt,428574EM,Jumbo_Griekse_Yoghurt_Biologisch_10%_Vet_1_kg,Jumbo,3.0,3.0,1000.0,3.0,123.8,100.0,42.0,42.0,45.0,1.0
jumbo-lekker-vrij-van-lactose-magere-yoghurt-1-l-332210PAK.html,2026-06-26,Jumbo,Yoghurt,332210PAK,Jumbo_Lekker_Vrij_van_Lactose_Magere_Yoghurt_1_L,Jumbo,2.0,2.0,1000.0,2.0,33.7,1.0,40.0,40.0,41.0,1.0
jumbo-yoghurt-griekse-stijl-10-vet-150g-581871CUP.html,2026-06-26,Jumbo,Yoghurt,581871CUP,Jumbo_Yoghurt_Griekse_Stijl_10%_vet_150g,Jumbo,0.8,5.3,149.9,5.3,119.3,15.0,5.4,5.4,6.0,0.2
jumbo-yoghurt-griekse-stijl-naturel-4-x-150-g-738866PAK.html,2026-06-26,Jumbo,Yoghurt,738866PAK,Jumbo_Yoghurt_Griekse_Stijl_Naturel_4_x_150_g,Jumbo,2.0,3.3,599.4,3.3,118.1,59.9,25.8,25.8,18.0,0.5
katharos-yoghurt-griekse-stijl-naturel-500-g-158329BKR.html,2026-06-26,Jumbo,Yoghurt,158329BKR,Katharos_Yoghurt_Griekse_Stijl_Naturel_500_g,Katharos,2.0,4.0,500.0,4.0,119.5,50.0,21.0,21.0,17.5,0.5
magere-yoghurt-1-l-619617PAK.html,2026-06-26,Jumbo,Yoghurt,619617PAK,Magere_yoghurt_1_L,Magere,0.8,0.8,1000.0,0.8,37.0,1.0,41.0,41.0,48.0,1.5
melkunie-breaker-banaan-yoghurt-6-x-200-g-577739TRL.html,2026-06-26,Jumbo,Yoghurt,577739TRL,Melkunie_Breaker_Banaan_Yoghurt_6_x_200_g,Melkunie,9.5,8.0,1200.0,7.9,88.2,36.0,132.0,114.0,37.2,1.1
"melkunie-breaker-drinkyoghurt-aardbei-0,5-vet-350-ml-680671FLS.html",2026-06-26,Jumbo,Yoghurt,680671FLS,"Melkunie_Breaker_Drinkyoghurt_Aardbei_0,5%_Vet_350_ml",Melkunie,1.7,4.8,349.9,4.9,55.0,1.7,29.4,28.0,11.5,0.3
"melkunie-breaker-drinkyoghurt-mango-banaan-0,5-vet-350-ml-680585FLS.html",2026-06-26,Jumbo,Yoghurt,680585FLS,"Melkunie_Breaker_Drinkyoghurt_Mango_Banaan_0,5%_Vet_350_ml",Melkunie,1.7,4.8,349.9,4.9,54.5,1.7,29.4,28.0,11.5,0.3
melkunie-breaker-original-yoghurt-aardbei-6-x-200-g-577752TRL.html,2026-06-26,Jumbo,Yoghurt,577752TRL,Melkunie_Breaker_Original_Yoghurt_Aardbei_6_x_200_g,Melkunie,9.5,8.0,1200.0,7.9,90.6,36.0,144.0,132.0,37.2,1.4
melkunie-breaker-originals-aardbei-yoghurt-200-g-577752TUB.html,2026-06-26,Jumbo,Yoghurt,577752TUB,Melkunie_Breaker_Originals_Aardbei_Yoghurt_200_g,Melkunie,1.6,8.0,200.0,8.0,90.6,6.0,24.0,22.0,6.2,0.2
melkunie-breaker-originals-banaan-yoghurt-200-g-577739TUB.html,2026-06-26,Jumbo,Yoghurt,577739TUB,Melkunie_Breaker_Originals_Banaan_Yoghurt_200_g,Melkunie,1.6,8.0,200.0,8.0,88.2,6.0,22.0,19.0,6.2,0.2
melkunie-breaker-originals-kers-yoghurt-met-zonnebloempitten-200-g-577757TUB.html,2026-06-26,Jumbo,Yoghurt,577757TUB,Melkunie_Breaker_Originals_Kers_Yoghurt_met_zonnebloempitten_200_g,Melkunie,1.6,8.0,200.0,8.0,96.6,8.0,22.0,18.4,7.2,0.2
melkunie-breaker-originals-perzik-yoghurt-met-zonnebloempitten-200-g-577800TUB.html,2026-06-26,Jumbo,Yoghurt,577800TUB,Melkunie_Breaker_Originals_Perzik_Yoghurt_met_zonnebloempitten_200_g,Melkunie,1.6,8.0,200.0,8.0,96.8,8.0,22.0,18.4,7.2,0.2
melkunie-breaker-originals-vanille-yoghurt-200-g-577771TUB.html,2026-06-26,Jumbo,Yoghurt,577771TUB,Melkunie_Breaker_Originals_Vanille_Yoghurt_200_g,Melkunie,1.6,8.0,200.0,8.0,89.9,6.2,24.0,20.0,,0.2
melkunie-breaker-specials-appeltaart-yoghurt-200-g-613159ZK.html,2026-06-26,Jumbo,Yoghurt,613159ZK,Melkunie_Breaker_Specials_Appeltaart_Yoghurt_200_g,Melkunie,1.7,8.4,200.0,8.5,90.6,6.2,24.0,22.0,6.4,0.2
melkunie-breaker-specials-cheesecake-framboos-yoghurt-200-g-577754ZK.html,2026-06-26,Jumbo,Yoghurt,577754ZK,Melkunie_Breaker_Specials_Cheesecake_framboos_Yoghurt_200_g,Melkunie,1.7,8.4,200.0,8.5,89.4,6.0,22.0,20.0,6.4,0.2
melkunie-breaker-specials-lemon-cheesecake-yoghurt-200-g-680581ZK.html,2026-06-26,Jumbo,Yoghurt,680581ZK,Melkunie_Breaker_Specials_Lemon_Cheesecake_Yoghurt_200_g,Melkunie,1.7,8.4,200.0,8.5,91.1,6.4,24.0,22.0,6.4,0.3
melkunie-breaker-specials-stracciatella-yoghurt-200-g-577770ZK.html,2026-06-26,Jumbo,Yoghurt,577770ZK,Melkunie_Breaker_Specials_Stracciatella_Yoghurt_200_g,Melkunie,1.7,8.4,200.0,8.5,100.9,8.0,24.0,22.0,6.4,0.2
melkunie-breaker-vanille-yoghurt-6-x-200-g-577771TRL.html,2026-06-26,Jumbo,Yoghurt,577771TRL,Melkunie_Breaker_Vanille_Yoghurt_6_x_200_g,Melkunie,9.5,8.0,1200.0,7.9,89.9,37.2,144.0,120.0,,1.2
melkunie-breaker-zero-aardbei-yoghurt-200-g-603218ZK.html,2026-06-26,Jumbo,Yoghurt,603218ZK,Melkunie_Breaker_Zero_Aardbei_Yoghurt_200_g,Melkunie,1.7,8.4,200.0,8.5,64.1,6.0,13.4,7.8,6.4,0.2
melkunie-breaker-zero-banaan-yoghurt-200-g-603223ZK.html,2026-06-26,Jumbo,Yoghurt,603223ZK,Melkunie_Breaker_Zero_Banaan_Yoghurt_200_g,Melkunie,1.7,8.4,200.0,8.5,66.7,6.0,14.6,9.0,6.6,0.2
melkunie-breaker-zero-peach-yoghurt-200-g-685859ZK.html,2026-06-26,Jumbo,Yoghurt,685859ZK,Melkunie_Breaker_Zero_Peach_Yoghurt_200_g,Melkunie,1.7,8.4,200.0,8.5,63.3,6.0,13.6,8.0,6.4,0.2
optimel-magere-yoghurt-aardbei-0-vet-1l-62067PAK.html,2026-06-26,Jumbo,Yoghurt,62067PAK,Optimel_Magere_Yoghurt_Aardbei_0%_Vet_1L,Optimel,2.6,2.6,1000.0,2.6,36.8,0.0,47.0,34.0,33.0,1.4
optimel-magere-yoghurt-bosvruchten-0-vet-1l-62066PAK.html,2026-06-26,Jumbo,Yoghurt,62066PAK,Optimel_Magere_Yoghurt_Bosvruchten_0%_Vet_1L,Optimel,2.5,2.5,1000.0,2.5,37.8,0.0,48.0,36.0,34.0,1.2
optimel-magere-yoghurt-perzik-passievrucht-0-vet-1l-62068PAK.html,2026-06-26,Jumbo,Yoghurt,62068PAK,Optimel_Magere_Yoghurt_Perzik_Passievrucht_0%_Vet_1L,Optimel,2.5,2.5,1000.0,2.5,37.0,0.0,49.0,36.0,33.0,1.2
optimel-magere-yoghurt-vanille-0-vet-1l-62069PAK.html,2026-06-26,Jumbo,Yoghurt,62069PAK,Optimel_Magere_Yoghurt_Vanille_0%_Vet_1L,Optimel,2.5,2.5,1000.0,2.5,35.1,0.0,43.0,32.0,33.0,1.2
optimel-vezels-yoghurt-aardbei-bosbes-0-vet-450-g-736149CUP.html,2026-06-26,Jumbo,Yoghurt,736149CUP,Optimel_Vezels_Yoghurt_Aardbei_Bosbes_0%_Vet_450_g,Optimel,2.5,5.5,450.3,5.6,56.2,0.0,27.0,15.8,20.3,0.9
optimel-vezels-yoghurt-mango-kiwi-banaan-0-vet-450-g-736148CUP.html,2026-06-26,Jumbo,Yoghurt,736148CUP,Optimel_Vezels_Yoghurt_Mango_Kiwi_Banaan_0%_Vet_450_g,Optimel,2.5,5.5,450.3,5.6,56.2,0.0,27.0,17.1,20.3,0.8
optimel-yoghurt-framboos-granaatappel-0-vet-limited-edition-1l-64064PAK.html,2026-06-26,Jumbo,Yoghurt,64064PAK,Optimel_Yoghurt_Framboos_Granaatappel_0%_Vet_Limited_Edition_1L,Optimel,2.7,2.7,1000.0,2.7,39.4,0.0,53.0,41.0,34.0,1.2
pur-natur-bio-yoghurt-750-g-376103CUP.html,2026-06-26,Jumbo,Yoghurt,376103CUP,Pur_Natur_Bio_Yoghurt_750_g,Pur,2.8,3.7,750.7,3.7,66.9,29.3,34.5,34.5,25.5,1.0
volle-yoghurt-1-l-619640PAK.html,2026-06-26,Jumbo,Yoghurt,619640PAK,Volle_Yoghurt_1_L,Volle,1.4,1.4,1000.0,1.4,62.1,30.0,41.0,41.0,46.0,1.4
xxl-nutrition-fit-yoghurt-granola-aardbei-200g-660840CUP.html,2026-06-26,Jumbo,Yoghurt,660840CUP,XXL_Nutrition_Fit_Yoghurt_Granola_Aardbei_200g,XXL,2.0,10.0,200.0,10.0,84.4,3.0,14.8,8.4,20.0,0.2
xxl-nutrition-fit-yoghurt-granola-vanille-200g-660843CUP.html,2026-06-26,Jumbo,Yoghurt,660843CUP,XXL_Nutrition_Fit_Yoghurt_Granola_Vanille_200g,XXL,2.0,10.0,200.0,10.0,83.2,3.0,14.2,8.0,20.0,0.2
zuivelhoeve-boer-n-yoghurt-aardbei-750-g-551002EM.html,2026-06-26,Jumbo,Yoghurt,551002EM,Zuivelhoeve_Boer'n_yoghurt®_Aardbei_750_g,Zuivelhoeve,3.0,4.0,749.4,4.0,87.5,26.2,71.2,,32.2,1.1
zuivelhoeve-boer-n-yoghurt-aardbei-muesli-170-g-578076CUP.html,2026-06-26,Jumbo,Yoghurt,578076CUP,Zuivelhoeve_Boer'n_yoghurt®_Aardbei_&_Muesli_170_g,Zuivelhoeve,1.9,11.1,170.0,11.2,130.0,8.3,27.2,,8.3,0.4
zuivelhoeve-boer-n-yoghurt-bosvruchten-750-g-551003EM.html,2026-06-26,Jumbo,Yoghurt,551003EM,Zuivelhoeve_Boer'n_yoghurt®_Bosvruchten_750_g,Zuivelhoeve,3.0,4.0,749.4,4.0,86.5,27.0,66.7,,33.0,1.1
zuivelhoeve-boer-n-yoghurt-bosvruchten-muesli-170-g-578077CUP.html,2026-06-26,Jumbo,Yoghurt,578077CUP,Zuivelhoeve_Boer'n_yoghurt®_Bosvruchten_&_Muesli_170_g,Zuivelhoeve,1.9,11.1,170.0,11.2,129.5,8.3,27.2,,8.0,0.4
zuivelhoeve-boer-n-yoghurt-naturel-muesli-170-g-578070CUP.html,2026-06-26,Jumbo,Yoghurt,578070CUP,Zuivelhoeve_Boer'n_yoghurt®_Naturel_&_Muesli_170_g,Zuivelhoeve,1.9,11.1,170.0,11.2,107.1,9.0,15.1,8.0,9.5,0.4
zuivelhoeve-boer-n-yoghurt-vanille-750-g-594215EM.html,2026-06-26,Jumbo,Yoghurt,594215EM,Zuivelhoeve_Boer'n_yoghurt®_Vanille_750_g,Zuivelhoeve,3.0,4.0,749.4,4.0,93.2,26.2,82.4,,32.2,1.1
zuivelhoeve-boer-n-yoghurt-vanille-muesli-170-g-578075CUP.html,2026-06-26,Jumbo,Yoghurt,578075CUP,Zuivelhoeve_Boer'n_yoghurt®_Vanille_&_Muesli_170_g,Zuivelhoeve,1.9,11.1,170.0,11.2,133.6,8.3,28.9,,8.3,0.4
154058.json,2026-06-26,PLUS,Yoghurt,154058,Melkan_Yoghurt_snack_banaan,Melkan,1.5,7.4,200.0,7.5,96.8,6.6,26.4,22.6,6.8,0.3
155099.json,2026-06-26,PLUS,Yoghurt,155099,Campina_Halfvolle_milde_yoghurt,Campina,1.9,1.9,1000.0,1.9,49.2,15.0,38.0,38.0,40.0,1.1
155129.json,2026-06-26,PLUS,Yoghurt,155129,Campina_Magere_yoghurt,Campina,1.7,1.7,1000.0,1.7,38.5,0.0,37.0,37.0,44.0,1.2
155170.json,2026-06-26,PLUS,Yoghurt,155170,Campina_Vanille_yoghurt,Campina,2.0,2.0,1000.0,2.0,75.8,16.0,110.0,100.0,31.0,0.9
155323.json,2026-06-26,PLUS,Yoghurt,155323,Campina_Volle_yoghurt,Campina,2.0,2.0,1000.0,2.0,62.6,31.0,37.0,37.0,39.0,1.1
155455.json,2026-06-26,PLUS,Yoghurt,155455,Campina_Volle_yoghurt,Campina,1.3,2.6,500.0,2.6,59.8,15.0,17.5,17.5,19.0,0.6
155463.json,2026-06-26,PLUS,Yoghurt,155463,Campina_Magere_yoghurt,Campina,1.2,2.4,500.0,2.4,39.9,0.0,20.0,20.0,23.5,0.7
155643.json,2026-06-26,PLUS,Yoghurt,155643,Melkan_Yoghurt_snack_aardbei,Melkan,1.5,7.4,200.0,7.5,88.2,6.2,24.2,22.0,5.2,0.2
159996.json,2026-06-26,PLUS,Yoghurt,159996,Zuivelmeester_Volle_yoghurt,Zuivelmeester,1.4,1.4,1000.0,1.4,63.3,30.0,40.0,40.0,39.0,1.1
160752.json,2026-06-26,PLUS,Yoghurt,160752,Melkan_Griekse_stijl_yoghurt_10%,Melkan,0.8,5.3,149.9,5.3,117.6,15.0,6.3,6.3,4.5,0.1
160882.json,2026-06-26,PLUS,Yoghurt,160882,Almhof_Roeryoghurt_naturel,Almhof,1.9,3.8,500.0,3.8,72.4,17.5,25.5,25.5,21.5,0.8
169847.json,2026-06-26,PLUS,Yoghurt,169847,Optimel_Yoghurt_aardbei_0%_vet,Optimel,2.6,2.6,1000.0,2.6,36.8,0.0,47.0,34.0,33.0,1.4
169871.json,2026-06-26,PLUS,Yoghurt,169871,Optimel_Yoghurt_perzik_0%_vet,Optimel,2.5,2.5,1000.0,2.5,37.0,0.0,49.0,36.0,33.0,1.2
177684.json,2026-06-26,PLUS,Yoghurt,177684,Arla_Skyr_vanille_yoghurt_0%_vet_XL,Arla,4.2,4.2,1000.0,4.2,73.1,0.0,83.0,75.0,86.0,1.2
185931.json,2026-06-26,PLUS,Yoghurt,185931,Campina_Yoghurt_Griekse_stijl_naturel_2%_vet,Campina,3.4,3.4,1000.0,3.4,63.8,20.0,41.0,41.0,64.0,2.5
185983.json,2026-06-26,PLUS,Yoghurt,185983,Biologisch_PLUS_Magere_yoghurt,Biologisch,1.5,1.5,1000.0,1.5,36.6,4.0,40.0,40.0,41.0,1.2
185987.json,2026-06-26,PLUS,Yoghurt,185987,Biologisch_PLUS_Volle_yoghurt,Biologisch,1.8,1.8,1000.0,1.8,59.5,31.0,39.0,39.0,40.0,1.2
185989.json,2026-06-26,PLUS,Yoghurt,185989,Biologisch_PLUS_Milde_halfvolle_yoghurt_biologisch,Biologisch,1.6,1.6,1000.0,1.6,48.8,16.0,40.0,40.0,45.0,1.2
203732.json,2026-06-26,PLUS,Yoghurt,203732,PLUS_Magere_yoghurt,PLUS,1.4,1.4,1000.0,1.4,40.6,1.0,43.0,43.0,45.0,1.2
203734.json,2026-06-26,PLUS,Yoghurt,203734,PLUS_Volle_Yoghurt,PLUS,1.7,1.7,1000.0,1.7,60.9,30.0,37.0,37.0,39.0,1.1
203736.json,2026-06-26,PLUS,Yoghurt,203736,PLUS_Halfvolle_yoghurt,PLUS,1.5,1.5,1000.0,1.5,55.7,16.0,46.0,46.0,46.0,1.2
222661.json,2026-06-26,PLUS,Yoghurt,222661,Campina_Griekse_stijl_yoghurt_10%_vet,Campina,3.5,3.5,1000.0,3.5,123.8,100.0,38.0,38.0,43.0,1.5
222826.json,2026-06-26,PLUS,Yoghurt,222826,PLUS_Griekse_stijl_yoghurt_aardbei,PLUS,1.2,7.7,149.9,8.0,87.2,4.5,14.4,13.6,6.1,0.2
223755.json,2026-06-26,PLUS,Yoghurt,223755,Dodoni_Griekse_yoghurt_10%,Dodoni,1.5,8.8,170.1,8.8,124.3,17.0,4.9,4.9,10.0,0.3
225730.json,2026-06-26,PLUS,Yoghurt,225730,Arla_Lactofree_Griekse_stijl_yoghurt,Arla,2.2,4.9,449.7,4.9,104.4,36.0,18.9,18.9,15.7,0.6
229606.json,2026-06-26,PLUS,Yoghurt,229606,Nestlé_Kit_Kat_yoghurt_vanille,Nestlé,2.0,8.6,230.1,8.7,167.8,17.7,45.1,39.6,10.4,0.4
243408.json,2026-06-26,PLUS,Yoghurt,243408,"Melkan_Griekse_stijl_0,1%",Melkan,0.8,5.3,149.9,5.3,41.8,0.1,7.3,7.3,7.8,0.2
249606.json,2026-06-26,PLUS,Yoghurt,249606,Almhof_Hoekje_Venetië_pistache,Almhof,1.5,9.9,150.1,10.0,151.8,9.0,28.5,26.9,6.9,0.2
284191.json,2026-06-26,PLUS,Yoghurt,284191,Arla_Skyr_aardbei_yoghurt_0%_vet,Arla,2.2,4.9,449.7,4.9,70.0,0.0,33.3,31.0,39.6,0.6
284193.json,2026-06-26,PLUS,Yoghurt,284193,Melkunie_Protein_yoghurt_mango,Melkunie,1.8,9.0,200.0,9.0,71.5,1.2,11.0,10.2,20.0,0.2
284195.json,2026-06-26,PLUS,Yoghurt,284195,Melkunie_Protein_yoghurt_aardbei,Melkunie,1.8,9.0,200.0,9.0,71.7,1.2,11.2,10.6,20.0,0.2
284445.json,2026-06-26,PLUS,Yoghurt,284445,Almhof_Roomyoghurt_Mumbai_mango,Almhof,2.6,5.2,500.0,5.2,138.1,40.5,64.5,62.0,13.5,0.4
287927.json,2026-06-26,PLUS,Yoghurt,287927,Optimel_Yoghurt_Griekse_stijl_vanille_0%_vet,Optimel,2.5,5.5,450.3,5.6,55.2,0.0,17.6,16.2,37.4,0.4
298242.json,2026-06-26,PLUS,Yoghurt,298242,BIO+_Griekse_Stijl_Yoghurt_10%_Vet,BIO+,3.0,3.0,1000.0,3.0,123.1,100.0,40.0,40.0,45.0,2.0
299103.json,2026-06-26,PLUS,Yoghurt,299103,Zuivelhoeve_Boer'n_Yoghurt_Aardbei,Zuivelhoeve,3.0,4.0,749.4,4.0,87.5,26.2,71.2,67.4,32.2,1.1
299105.json,2026-06-26,PLUS,Yoghurt,299105,Zuivelhoeve_Boer'n_Yoghurt_Bosvruchten,Zuivelhoeve,3.0,4.0,749.4,4.0,86.5,27.0,66.7,62.9,33.0,1.1
299249.json,2026-06-26,PLUS,Yoghurt,299249,BIO+_Yoghurt_Griekse_stijl_10%_vet,BIO+,1.7,3.4,500.0,3.4,123.1,50.0,20.0,20.0,22.5,1.0
299302.json,2026-06-26,PLUS,Yoghurt,299302,Almhof_Yoghurt_Griekse_stijl_0%_vet,Almhof,2.3,5.1,449.9,5.1,55.2,0.0,17.1,17.1,44.1,0.5
299304.json,2026-06-26,PLUS,Yoghurt,299304,Almhof_Yoghurt_Griekse_stijl_10%_vet,Almhof,2.4,5.3,450.1,5.3,119.3,45.0,16.7,16.7,14.4,0.5
305891.json,2026-06-26,PLUS,Yoghurt,305891,Almhof_Hoekje_kers,Almhof,1.5,9.9,150.1,10.0,100.1,3.8,21.9,21.2,5.4,0.2
306015.json,2026-06-26,PLUS,Yoghurt,306015,Almhof_Hoekje_choco_balls,Almhof,1.5,9.9,150.1,10.0,140.8,9.6,22.7,20.6,7.1,0.3
307278.json,2026-06-26,PLUS,Yoghurt,307278,Isey_Skyr_Skyr_manderin_pie,Isey,1.9,11.1,170.0,11.2,71.7,3.6,7.0,6.1,15.1,0.2
322356.json,2026-06-26,PLUS,Yoghurt,322356,Melkunie_Breaker_Aardbei_Yoghurt,Melkunie,1.6,8.0,200.0,8.0,90.6,6.0,24.0,22.0,6.2,0.2
322360.json,2026-06-26,PLUS,Yoghurt,322360,Melkunie_Breaker_Perzik_Zonnebloempit_Yoghurt,Melkunie,1.6,8.0,200.0,8.0,96.8,8.0,22.0,18.4,7.2,0.2
322362.json,2026-06-26,PLUS,Yoghurt,322362,Melkunie_Breaker_Banaan_Yoghurt,Melkunie,1.6,8.0,200.0,8.0,88.2,6.0,22.0,19.0,6.2,0.2
322577.json,2026-06-26,PLUS,Yoghurt,322577,Zuivelhoeve_Boer'n_Yoghurt_muesli_naturel,Zuivelhoeve,1.9,11.1,170.0,11.2,107.1,9.0,15.1,8.0,9.5,0.4
322579.json,2026-06-26,PLUS,Yoghurt,322579,Zuivelhoeve_Boer'n_Yoghurt_muesli_vanille,Zuivelhoeve,1.9,11.1,170.0,11.2,133.6,8.3,28.9,20.4,8.3,0.4
322587.json,2026-06-26,PLUS,Yoghurt,322587,Zuivelhoeve_Boer'n_Yoghurt_muesli_aardbei,Zuivelhoeve,1.9,11.1,170.0,11.2,130.0,8.3,27.2,18.7,8.3,0.4
322589.json,2026-06-26,PLUS,Yoghurt,322589,Zuivelhoeve_Boer'n_Yoghurt_muesli_bosvruchten,Zuivelhoeve,1.9,11.1,170.0,11.2,129.5,8.3,27.2,18.7,8.0,0.4
322821.json,2026-06-26,PLUS,Yoghurt,322821,Arla_Lactofree_halfvolle_yoghurt,Arla,2.5,2.5,1000.0,2.5,42.8,15.0,22.0,22.0,43.0,0.9
322946.json,2026-06-26,PLUS,Yoghurt,322946,Optimel_Yoghurt_Griekse_stijl_kers_0%_vet,Optimel,2.5,5.5,450.3,5.6,54.5,0.0,20.7,17.6,33.8,0.4
322966.json,2026-06-26,PLUS,Yoghurt,322966,Elinas_Griekse_stijl_yoghurt_aardbei_4-pack,Elinas,2.3,3.8,599.5,3.8,134.1,44.4,82.1,79.1,16.2,0.6
367573.json,2026-06-26,PLUS,Yoghurt,367573,Melkunie_Breaker_vanille_Yoghurt,Melkunie,1.6,8.0,200.0,8.0,89.9,6.2,24.0,20.0,6.4,0.2
375211.json,2026-06-26,PLUS,Yoghurt,375211,Alpro_Plantaardige_Variatie_Yoghurt_Perzik,Alpro,2.7,5.4,500.0,5.4,69.3,10.0,41.5,41.0,18.0,0.8
393151.json,2026-06-26,PLUS,Yoghurt,393151,Arla_Bio_milde_halfvolle_yoghurt,Arla,2.0,2.0,1000.0,2.0,51.1,16.0,45.0,45.0,39.0,1.3
402691.json,2026-06-26,PLUS,Yoghurt,402691,Melkan_Griekse_yoghurt_5%_lactose_vrij,Melkan,2.0,4.0,500.0,4.0,77.2,25.0,23.0,23.0,17.5,0.5
421425.json,2026-06-26,PLUS,Yoghurt,421425,Alpro_Variatie_Yoghurt_Zonder_Suikers,Alpro,2.5,5.0,500.0,5.0,42.8,11.5,0.0,0.0,20.0,1.2
421427.json,2026-06-26,PLUS,Yoghurt,421427,Alpro_Plantaardige_Variatie_Yoghurt_Aardbei,Alpro,2.3,4.6,500.0,4.6,68.8,10.5,40.5,39.5,18.0,1.2
425328.json,2026-06-26,PLUS,Yoghurt,425328,"Campina_High_Protein_Greek_1,5%",Campina,3.7,3.7,1000.0,3.7,74.8,15.0,40.0,40.0,100.0,1.0
425330.json,2026-06-26,PLUS,Yoghurt,425330,Campina_High_Protein_Greek_5%,Campina,3.8,3.8,1000.0,3.8,105.4,51.0,42.0,42.0,95.0,1.0
426304.json,2026-06-26,PLUS,Yoghurt,426304,Zuivelhoeve_Boer'n_Yoghurt_Muesli_Mango_Passie,Zuivelhoeve,1.9,11.1,170.0,11.2,135.0,8.5,28.9,20.4,8.3,0.4
428538.json,2026-06-26,PLUS,Yoghurt,428538,Arla_Skyr_naturel_yoghurt_0%_vet_XL,Arla,4.0,4.0,1000.0,4.0,60.9,0.0,40.0,40.0,100.0,1.4
45377.json,2026-06-26,PLUS,Yoghurt,45377,Optimel_Yoghurt_vanille_0%_vet,Optimel,2.5,2.5,1000.0,2.5,35.1,0.0,43.0,32.0,33.0,1.2
458905.json,2026-06-26,PLUS,Yoghurt,458905,Melkan_Turkse_stijl_yoghurt_8%_vet,Melkan,2.4,2.4,1000.0,2.4,113.5,81.0,58.0,58.0,45.0,0.1
458975.json,2026-06-26,PLUS,Yoghurt,458975,Arla_Bio_skyr_naturel_yoghurt,Arla,2.6,5.8,449.7,5.8,64.3,0.0,18.0,18.0,49.5,0.6
463194.json,2026-06-26,PLUS,Yoghurt,463194,Arla_Skyr_Naturel,Arla,1.5,7.4,200.0,7.5,60.9,0.0,8.0,8.0,20.0,0.3
463196.json,2026-06-26,PLUS,Yoghurt,463196,Arla_Skyr_Vanille,Arla,1.6,8.0,200.0,8.0,71.9,0.0,16.6,15.0,17.2,0.2
477265.json,2026-06-26,PLUS,Yoghurt,477265,Biologisch_PLUS_Biogarde_roeryoghurt_3.5%,Biologisch,1.6,3.2,500.0,3.2,64.8,17.5,21.5,21.5,20.0,0.5
477267.json,2026-06-26,PLUS,Yoghurt,477267,"Biologisch_PLUS_Biogarde_stand_yoghurt_1,5%",Biologisch,1.5,3.0,500.0,3.0,47.1,7.5,21.5,21.5,20.0,0.5
478541.json,2026-06-26,PLUS,Yoghurt,478541,XXL_Fit_Yoghurt_Granola_Mango,XXL,2.0,10.0,200.0,10.0,85.6,3.0,15.2,9.0,20.0,0.2
478543.json,2026-06-26,PLUS,Yoghurt,478543,Danone_Skyr_Naturel_0%_vet,Danone,3.3,4.1,800.5,4.1,51.6,0.8,27.2,27.2,72.0,0.7
478545.json,2026-06-26,PLUS,Yoghurt,478545,Activia_Vezels_Haver_Walnoot,Activia,3.2,6.4,500.0,6.4,98.0,15.5,62.0,55.0,19.5,0.5
484593.json,2026-06-26,PLUS,Yoghurt,484593,Melkan_Yoghurt_Griekse_Stijl_10%_1000GR,Melkan,1.8,1.8,1000.0,1.8,111.6,100.0,22.0,22.0,35.0,1.0
523130.json,2026-06-26,PLUS,Yoghurt,523130,Isey_Skyr_Aardbei_-_Witte_Chocola,Isey,3.0,7.5,399.7,7.5,84.6,14.8,17.2,14.8,34.0,0.4
525799.json,2026-06-26,PLUS,Yoghurt,525799,Melkan_Vanilleyoghurt,Melkan,1.5,1.5,1000.0,1.5,77.4,16.0,120.0,110.0,30.0,1.1
527497.json,2026-06-26,PLUS,Yoghurt,527497,Melkan_yoghurt_Griekse_stijl_2%,Melkan,2.0,2.0,1000.0,2.0,57.6,20.0,47.0,47.0,51.0,1.1
531567.json,2026-06-26,PLUS,Yoghurt,531567,Melkunie_Breaker_Stracciatella_Yoghurt,Melkunie,1.7,8.4,200.0,8.5,100.9,8.0,24.0,22.0,6.4,0.2
546902.json,2026-06-26,PLUS,Yoghurt,546902,Melkan_Magere_vruchtenyoghurt_bosvruchten,Melkan,1.6,1.6,1000.0,1.6,62.1,0.8,120.0,105.0,30.0,0.9
546911.json,2026-06-26,PLUS,Yoghurt,546911,Melkan_Magere_vruchtenyoghurt_perzik,Melkan,1.4,1.4,1000.0,1.4,62.4,0.6,119.0,106.0,29.7,0.9
546923.json,2026-06-26,PLUS,Yoghurt,546923,Melkan_Magere_vruchtenyoghurt_aardbei,Melkan,1.5,1.5,1000.0,1.5,61.9,0.8,119.0,105.0,30.0,0.9
560253.json,2026-06-26,PLUS,Yoghurt,560253,Isey_Skyr_Air_Stracciatella_125g,Isey,1.7,13.5,125.0,13.6,73.6,3.6,4.2,3.4,10.5,0.2
570027.json,2026-06-26,PLUS,Yoghurt,570027,Melkunie_Breaker_cheesecake_framboos_Yoghurt,Melkunie,1.7,8.4,200.0,8.5,89.4,6.0,22.0,20.0,6.4,0.2
579012.json,2026-06-26,PLUS,Yoghurt,579012,Zuivelmeester_Magere_yoghurt,Zuivelmeester,0.8,0.8,1000.0,0.8,40.6,1.0,40.0,40.0,39.0,1.1
586654.json,2026-06-26,PLUS,Yoghurt,586654,Den_Eelder_Boeren_milde_halfvolle_yoghurt,Den,1.9,1.9,1000.0,1.9,50.2,15.0,45.0,45.0,35.0,1.0
618251.json,2026-06-26,PLUS,Yoghurt,618251,Zuivelhoeve_Boer'n_Yoghurt_Vanille,Zuivelhoeve,3.0,4.0,749.4,4.0,93.2,26.2,82.4,82.4,32.2,1.1
640050.json,2026-06-26,PLUS,Yoghurt,640050,Almhof_Roomyoghurt_aardbei,Almhof,2.6,5.2,500.0,5.2,137.7,40.5,63.5,60.5,13.5,0.4
640059.json,2026-06-26,PLUS,Yoghurt,640059,Almhof_Roomyoghurt_maracuja-perzik,Almhof,2.6,5.2,500.0,5.2,141.0,41.0,67.5,64.5,13.5,0.4
640230.json,2026-06-26,PLUS,Yoghurt,640230,Activia_Yoghurt_Aardbei,Activia,3.0,0.8,398.7,7.5,88.9,11.2,47.8,46.6,14.8,0.5
640239.json,2026-06-26,PLUS,Yoghurt,640239,Optimel_Yoghurt_bosvruchten_0%_vet,Optimel,2.5,2.5,1000.0,2.5,37.8,0.0,48.0,36.0,34.0,1.2
647156.json,2026-06-26,PLUS,Yoghurt,647156,Arla_Lactofree_volle_yoghurt,Arla,2.3,2.3,1000.0,2.3,54.3,31.0,18.0,18.0,41.0,0.9
647905.json,2026-06-26,PLUS,Yoghurt,647905,Isey_Skyr_Blueberry_Pie,Isey,3.0,7.5,399.7,7.5,62.9,1.2,20.8,17.2,38.4,0.6
648951.json,2026-06-26,PLUS,Yoghurt,648951,Den_Eelder_Boeren_vanilleyoghurt,Den,2.4,2.4,1000.0,2.4,83.7,36.0,130.0,130.0,33.0,1.0
648955.json,2026-06-26,PLUS,Yoghurt,648955,Den_Eelder_Boeren_volle_yoghurt,Den,2.2,2.2,1000.0,2.2,59.8,40.0,40.0,39.0,35.0,1.0
648959.json,2026-06-26,PLUS,Yoghurt,648959,Den_Eelder_Geitenyoghurt,Den,1.9,3.8,500.0,3.8,62.9,19.5,17.5,11.0,17.0,0.5
655017.json,2026-06-26,PLUS,Yoghurt,655017,Activia_Yoghurt_Pruim,Activia,2.9,0.7,401.4,7.2,98.9,13.6,51.8,48.2,13.6,0.4
668670.json,2026-06-26,PLUS,Yoghurt,668670,Melkan_Skyr_ijslandse_yoghurt,Melkan,1.6,3.2,500.0,3.2,62.6,1.0,20.0,20.0,55.0,0.5
668816.json,2026-06-26,PLUS,Yoghurt,668816,Melkan_Skyr_vanille,Melkan,1.9,3.8,500.0,3.8,73.6,0.9,41.4,38.2,47.3,0.4
670730.json,2026-06-26,PLUS,Yoghurt,670730,Isey_Skyr_Framboos_Granaatappel,Isey,1.9,13.5,140.0,13.6,75.0,3.1,6.0,5.3,13.2,0.2
670732.json,2026-06-26,PLUS,Yoghurt,670732,Isey_Skyr_Mandarin_pie,Isey,2.0,14.2,140.0,14.3,71.7,2.9,5.7,5.0,12.5,0.2
700192.json,2026-06-26,PLUS,Yoghurt,700192,Activia_Yoghurt_Granen,Activia,3.0,0.8,398.7,7.5,90.6,11.6,45.1,41.9,15.5,0.4
726914.json,2026-06-26,PLUS,Yoghurt,726914,Arla_Skyr_naturel_yoghurt_0%_vet,Arla,2.0,4.4,450.2,4.4,60.9,0.0,18.0,18.0,45.0,0.6
740366.json,2026-06-26,PLUS,Yoghurt,740366,Zuivelmeester_Halfvolle_Yoghurt,Zuivelmeester,1.0,1.0,1000.0,1.0,55.7,16.0,46.0,46.0,46.0,1.2
753056.json,2026-06-26,PLUS,Yoghurt,753056,Pur_Natur_Biologische_yoghurt_natuur,Pur,3.7,3.7,1000.0,3.7,62.1,30.0,45.0,45.0,44.0,1.3
753058.json,2026-06-26,PLUS,Yoghurt,753058,Pur_Natur_Biologische_yoghurt_natuur,Pur,2.2,4.4,500.0,4.4,72.4,19.0,25.5,25.5,21.5,0.6
766784.json,2026-06-26,PLUS,Yoghurt,766784,Arla_Skyr_vanille_yoghurt_0%_vet,Arla,2.2,4.9,449.7,4.9,71.9,0.0,37.3,33.7,38.7,0.5
766833.json,2026-06-26,PLUS,Yoghurt,766833,Melkunie_Protein_kwark_aardbei,Melkunie,1.6,8.0,200.0,8.0,72.9,0.4,13.2,12.6,20.0,0.2
768800.json,2026-06-26,PLUS,Yoghurt,768800,Arla_Bio_volle_yoghurt,Arla,2.0,2.0,1000.0,2.0,60.0,30.0,39.0,38.0,34.0,1.1
772765.json,2026-06-26,PLUS,Yoghurt,772765,Melkan_Griekse_stijl_yoghurt_10%_vet,Melkan,1.7,3.4,500.0,3.4,117.6,50.0,21.0,21.0,15.0,0.5
796320.json,2026-06-26,PLUS,Yoghurt,796320,Campina_High_Protein_Griekse_Stijl_Yogh_5%,Campina,2.2,4.9,449.7,4.9,98.9,22.5,14.8,14.8,41.8,0.3
796324.json,2026-06-26,PLUS,Yoghurt,796324,"Campina_High_Protein_Griekse_Stijl_Yogh_1,5%",Campina,2.1,4.6,450.4,4.7,71.5,6.8,15.3,15.3,45.0,0.3
796326.json,2026-06-26,PLUS,Yoghurt,796326,Campina_Extra_Proteine_Volle_Yoghurt,Campina,2.3,2.3,1000.0,2.3,73.9,30.0,51.0,51.0,55.0,1.5
796328.json,2026-06-26,PLUS,Yoghurt,796328,Campina_Extra_Proteine_Halfvolle_Yoghurt,Campina,2.0,2.0,1000.0,2.0,61.9,15.0,51.0,51.0,55.0,1.5
796330.json,2026-06-26,PLUS,Yoghurt,796330,Campina_Extra_Proteine_Magere_Yoghurt,Campina,2.0,2.0,1000.0,2.0,49.0,1.0,50.0,50.0,55.0,1.5
796332.json,2026-06-26,PLUS,Yoghurt,796332,Optimel_Yoghurt_vezels_Mango_Kiwi_Banaan,Optimel,2.5,5.5,450.3,5.6,56.2,0.0,27.0,17.1,20.3,0.8
796334.json,2026-06-26,PLUS,Yoghurt,796334,Optimel_Yoghurt_vezels_Aardbei_Bosbes,Optimel,2.5,5.5,450.3,5.6,56.2,0.0,27.0,15.8,20.3,0.9
796346.json,2026-06-26,PLUS,Yoghurt,796346,Almhof_Roomyoghurt_Meloen_Limited,Almhof,2.6,5.2,500.0,5.2,139.1,40.0,67.0,64.0,13.5,0.5
796362.json,2026-06-26,PLUS,Yoghurt,796362,XXL_Fit_Yoghurt_Strawberry,XXL,4.0,5.3,750.0,5.3,61.7,6.8,24.0,21.0,75.0,0.8
796366.json,2026-06-26,PLUS,Yoghurt,796366,XXL_Fit_Yoghurt_Mango,XXL,4.0,5.3,750.0,5.3,63.1,6.8,26.2,23.2,75.0,0.8
796370.json,2026-06-26,PLUS,Yoghurt,796370,Melkan_Yoghurt_Griekse_stijl_0%,Melkan,1.7,3.4,500.0,3.4,41.8,0.5,24.5,24.5,26.0,0.6
802504.json,2026-06-26,PLUS,Yoghurt,802504,Optimel_Yoghurt_Proteïne_Perzik,Optimel,2.5,5.5,450.3,5.6,55.2,0.0,18.0,16.7,38.3,0.6
802506.json,2026-06-26,PLUS,Yoghurt,802506,Optimel_Yoghurt_Proteïne_bosbes_vanille,Optimel,2.5,5.5,450.3,5.6,52.8,0.0,16.7,15.8,39.2,0.6
804301.json,2026-06-26,PLUS,Yoghurt,804301,Danio_Duo_karamelsaus,Danio,1.0,8.4,118.0,8.5,131.0,6.4,21.4,20.4,2.8,0.3
807204.json,2026-06-26,PLUS,Yoghurt,807204,Melkunie_Melkunie_Breaker_Zero_Peach,Melkunie,1.7,8.4,200.0,8.5,63.3,6.0,13.6,8.0,6.4,0.2
809299.json,2026-06-26,PLUS,Yoghurt,809299,Melkunie_Breaker_Kers_Zonnebloempitten_Yoghurt,Melkunie,1.6,8.0,200.0,8.0,96.6,8.0,22.0,18.4,7.2,0.2
810594.json,2026-06-26,PLUS,Yoghurt,810594,Danio_Duo_chocolade_balletjes,Danio,1.0,9.9,1000.0,1.0,146.5,78.0,157.0,141.0,33.0,1.4
811402.json,2026-06-26,PLUS,Yoghurt,811402,Danone_Skyr_Vanille,Danone,2.2,4.9,449.7,4.9,71.0,0.4,41.4,38.7,36.0,0.4
811404.json,2026-06-26,PLUS,Yoghurt,811404,Danone_Skyr_Naturel,Danone,2.0,4.4,450.2,4.4,51.6,0.5,15.3,15.3,40.5,0.4
811497.json,2026-06-26,PLUS,Yoghurt,811497,Melkan_Skyr_naturel,Melkan,3.0,3.0,1000.0,3.0,63.8,0.0,47.0,47.0,110.0,1.1
811499.json,2026-06-26,PLUS,Yoghurt,811499,Melkan_roomyoghurt_stracciatella,Melkan,2.4,2.4,1000.0,2.4,104.9,53.0,108.0,108.0,34.0,1.2
811501.json,2026-06-26,PLUS,Yoghurt,811501,Melkan_roomyoghurt_aardbei,Melkan,2.4,2.4,1000.0,2.4,87.5,40.0,91.3,91.3,35.0,1.4
814805.json,2026-06-26,PLUS,Yoghurt,814805,Melkunie_Breaker_appeltaart_Yoghurt,Melkunie,1.7,8.4,200.0,8.5,90.6,6.2,24.0,22.0,6.4,0.2
816369.json,2026-06-26,PLUS,Yoghurt,816369,Melkunie_Breaker_zero_aardbei_Yoghurt,Melkunie,1.7,8.4,200.0,8.5,64.1,6.0,13.4,7.8,6.4,0.2
816371.json,2026-06-26,PLUS,Yoghurt,816371,Melkunie_Breaker_zero_banaan_Yoghurt,Melkunie,1.7,8.4,200.0,8.5,66.7,6.0,14.6,9.0,6.6,0.2
816373.json,2026-06-26,PLUS,Yoghurt,816373,Melkunie_Breaker_Yoghurt_Lemon_Cheesecake,Melkunie,1.8,9.0,200.0,9.0,66.2,6.2,13.6,8.4,6.6,0.4
816377.json,2026-06-26,PLUS,Yoghurt,816377,XXL_Fit_Yoghurt_granola_vanille,XXL,2.0,10.0,200.0,10.0,83.2,3.0,14.2,8.0,20.0,0.2
816379.json,2026-06-26,PLUS,Yoghurt,816379,Isey_Skyr_Air_cherry_-_chocolate,Isey,1.7,13.5,125.0,13.6,82.0,3.9,5.9,5.4,10.9,0.2
816383.json,2026-06-26,PLUS,Yoghurt,816383,Isey_Skyr_Pouch_peach,Isey,1.9,13.5,140.0,13.6,71.7,2.9,5.7,5.2,12.5,0.2
816896.json,2026-06-26,PLUS,Yoghurt,816896,Arla_Skyr_peach_&_passionfr_0%_vet,Arla,2.2,4.9,449.7,4.9,70.0,0.0,35.1,31.9,38.2,0.5
816902.json,2026-06-26,PLUS,Yoghurt,816902,Melkan_Griekse_stijl_passievrucht,Melkan,2.4,2.4,1000.0,2.4,145.3,82.0,140.0,105.0,29.0,1.2
816904.json,2026-06-26,PLUS,Yoghurt,816904,Melkan_Griekse_stijl_aardbei,Melkan,2.4,2.4,1000.0,2.4,145.3,83.0,138.0,106.0,29.0,1.1
831088.json,2026-06-26,PLUS,Yoghurt,831088,Almhof_Halfvolle_fruityoghurt_perzik,Almhof,2.5,5.0,500.0,5.0,89.6,6.5,68.5,65.5,23.0,0.8
831093.json,2026-06-26,PLUS,Yoghurt,831093,Almhof_Roomyoghurt_walnoot-Griekse_honing,Almhof,2.6,5.2,500.0,5.2,147.0,44.0,67.0,63.0,14.5,0.5
840217.json,2026-06-26,PLUS,Yoghurt,840217,Activia_Yoghurt_Naturel,Activia,2.4,0.6,398.3,6.0,66.0,13.9,18.7,18.7,15.5,0.4
842589.json,2026-06-26,PLUS,Yoghurt,842589,Elinas_Griekse_stijl_yoghurt_honing_4-pack,Elinas,2.3,3.8,599.5,3.8,146.3,45.0,98.9,97.1,16.2,0.6
842636.json,2026-06-26,PLUS,Yoghurt,842636,Alpro_Plantaardige_Variatie_Yoghurt_Naturel,Alpro,2.4,4.8,500.0,4.8,51.6,11.5,11.5,11.0,20.0,1.2
845965.json,2026-06-26,PLUS,Yoghurt,845965,Activia_Yoghurt_Muesli_Naturel,Activia,2.9,0.7,401.4,7.2,93.7,11.6,48.2,42.9,15.7,0.4
869443.json,2026-06-26,PLUS,Yoghurt,869443,Almhof_Halfvolle_fruityoghurt_kers,Almhof,2.2,4.4,500.0,4.4,88.2,6.5,67.0,63.0,23.0,0.8
869493.json,2026-06-26,PLUS,Yoghurt,869493,Zuivelmeester_Roeryoghurt,Zuivelmeester,0.8,1.6,500.0,1.6,57.8,7.5,29.5,29.5,23.0,0.8
869523.json,2026-06-26,PLUS,Yoghurt,869523,Alpro_Plantaardige_Variatie_Yoghurt_Vanille,Alpro,2.8,5.6,500.0,5.6,66.7,11.0,37.5,37.5,18.5,1.0
890883.json,2026-06-26,PLUS,Yoghurt,890883,Almhof_Roomyoghurt_stracciatella,Almhof,2.6,5.2,500.0,5.2,154.4,50.0,61.5,58.5,14.5,0.5
898358.json,2026-06-26,PLUS,Yoghurt,898358,Alpro_Plantaardige_Variatie_Yoghurt_Bosbes,Alpro,2.7,5.4,500.0,5.4,68.8,10.5,40.5,39.5,18.5,0.8
916843.json,2026-06-26,PLUS,Yoghurt,916843,Isey_Skyr_Lemon_cheesecake,Isey,1.9,11.1,170.0,11.2,60.0,0.3,8.2,6.5,16.2,0.3
918405.json,2026-06-26,PLUS,Yoghurt,918405,XXL_Fit_Fit_duo_pudding_karamel,XXL,1.9,9.4,200.0,9.5,86.8,1.8,17.4,12.8,20.0,0.3
935812.json,2026-06-26,PLUS,Yoghurt,935812,XXL_Fit_Yoghurt_granola_aardbei,XXL,2.0,10.0,200.0,10.0,84.4,3.0,14.8,8.4,20.0,0.2
947687.json,2026-06-26,PLUS,Yoghurt,947687,Melkan_Soja_yoghurt_bosbes,Melkan,1.9,3.8,500.0,3.8,81.5,10.5,57.5,55.0,18.5,0.4
947689.json,2026-06-26,PLUS,Yoghurt,947689,Melkan_Soja_yoghurt_original,Melkan,0.8,1.6,500.0,1.6,43.0,11.5,1.7,1.7,23.5,0.4
957334.json,2026-06-26,PLUS,Yoghurt,957334,Melkan_Plantaardige_kokosyoghurt,Melkan,1.6,4.0,399.5,4.0,80.8,25.2,19.6,2.4,2.4,0.1
957991.json,2026-06-26,PLUS,Yoghurt,957991,Isey_Skyr_Mango_Matcha,Isey,1.9,11.1,170.0,11.2,75.0,3.7,7.3,6.8,15.8,0.3
965090.json,2026-06-26,PLUS,Yoghurt,965090,Melkan_Protein_pouch_vanille,Melkan,1.5,7.4,200.0,7.5,70.0,0.4,9.6,6.6,24.0,0.2
965092.json,2026-06-26,PLUS,Yoghurt,965092,Melkan_Protein_pouch_aarbei,Melkan,1.5,7.4,200.0,7.5,73.1,0.2,10.4,7.1,24.0,0.2
984283.json,2026-06-26,PLUS,Yoghurt,984283,Almhof_Roomyoghurt_Spaanse_sinaasappel,Almhof,2.6,5.2,500.0,5.2,138.1,40.5,62.0,58.5,13.5,0.5
997576.json,2026-06-26,PLUS,Yoghurt,997576,Almhof_0%_vet_yoghurt_Aardbei,Almhof,2.0,3.9,500.0,4.0,67.9,0.0,57.0,54.0,22.0,0.6
997578.json,2026-06-26,PLUS,Yoghurt,997578,Almhof_0%_vet_yoghurt_Perzik_Maracuja,Almhof,2.0,3.9,500.0,4.0,68.1,0.0,57.0,54.0,22.0,0.6
