Source_File,Date_Added,Supermarket,Product_Category,Product_ID,Product_Name,Product_Price,Price_Per_Unit,Energy_kj_100_g,Fats_100_g,Carbs_100_g,Sugars_100_g,Protein_100_g,Salt_100_g
activia-yoghurt-aardbei-4-x-125-g-228598STK.html,2026-06-23 11:20:49.959428,Jumbo,Yoghurt,228598STK,Activia Yoghurt Aardbei 4 x 125 g,"Prijs: € 2,99 2 99","€ 5,98 per kilo 5,98 / kilo",372.0 kJ,2.8 g,12.0 g,11.7 g,3.7 g,0.13 g
activia-yoghurt-granen-4-x-125-g-302972STK.html,2026-06-23 11:20:50.004335,Jumbo,Yoghurt,302972STK,Activia Yoghurt Granen 4 x 125 g,"Prijs: € 2,99 2 99","€ 5,98 per kilo 5,98 / kilo",379.0 kJ,2.9 g,11.3 g,10.5 g,3.9 g,0.1 g
activia-yoghurt-muesli-4-x-125-g-302975STK.html,2026-06-23 11:20:50.055068,Jumbo,Yoghurt,302975STK,Activia Yoghurt Muesli 4 x 125 g,"Prijs: € 2,89 2 89","€ 5,78 per kilo 5,78 / kilo",392.0 kJ,2.9 g,12.0 g,10.7 g,3.9 g,0.1 g
activia-yoghurt-naturel-4-x-125-g-491422TUB.html,2026-06-23 11:20:50.098603,Jumbo,Yoghurt,491422TUB,Activia Yoghurt Naturel 4 x 125 g,"Prijs: € 2,39 2 39","€ 4,78 per kilo 4,78 / kilo",276.0 kJ,3.5 g,4.7 g,4.7 g,3.9 g,0.1 g
activia-yoghurt-pruim-4-x-125-g-709840PAK.html,2026-06-23 11:20:50.144389,Jumbo,Yoghurt,709840PAK,Activia Yoghurt Pruim 4 x 125 g,"Prijs: € 2,89 2 89","€ 5,78 per kilo 5,78 / kilo",414.0 kJ,3.4 g,12.9 g,12.0 g,3.4 g,0.1 g
activia-yoghurt-vanille-4-x-125g-463023POT.html,2026-06-23 11:20:50.187716,Jumbo,Yoghurt,463023POT,Activia Yoghurt Vanille 4 x 125g,"Prijs: € 2,39 2 39","€ 4,78 per kilo 4,78 / kilo",384.0 kJ,2.9 g,12.7 g,12.7 g,3.7 g,0.13 g
alle-aanbiedingen.html,2026-06-23 11:20:50.237378,Jumbo,Yoghurt,aanbiedingen,Yoghurt en skyr,"Prijs: € 1,89 1 89","€ 11,12 per kilo 11,12 / kilo",,,,,,
almhof-0-vet-yoghurt-aardbei-571377BKR.html,2026-06-23 11:20:50.282879,Jumbo,Yoghurt,571377BKR,Almhof 0% vet yoghurt aardbei,"Prijs: € 2,19 2 19","€ 4,38 per kilo 4,38 / kilo",284 kJ / 67 kcal,0 g,11.4 g,10.8 g,4.4 g,0.12 g
almhof-0-vet-yoghurt-perzik-maracuja-500-g-574414BKR.html,2026-06-23 11:20:50.325643,Jumbo,Yoghurt,574414BKR,Almhof 0% Vet Yoghurt Perzik Maracuja 500 g,"Prijs: € 1,95 1 95","€ 3,90 per kilo 3,90 / kilo",285 kJ / 67 kcal,0 g,"11,4 g","10,8 g","4,4 g","0,12 g"
"almhof-halfvolle-fruit-yoghurt-kers-1,3-vet-500-g-511649CUP.html",2026-06-23 11:20:50.371760,Jumbo,Yoghurt,511649CUP,"Almhof Halfvolle Fruit Yoghurt Kers 1,3% Vet 500 g","Prijs: € 2,19 2 19","€ 4,38 per kilo 4,38 / kilo",369 kJ / 87 kcal,1.3 g,13.4 g,12.6 g,4.6 g,0.16 g
almhof-halfvolle-fruityoghurt-aardbei-500-g-666599BKR.html,2026-06-23 11:20:50.414360,Jumbo,Yoghurt,666599BKR,Almhof Halfvolle Fruityoghurt Aardbei 500 g,"Prijs: € 2,19 2 19","€ 4,38 per kilo 4,38 / kilo",369 kJ / 87 kcal,"1,3 g","13,4 g","12,8 g","4,6 g","0,16 g"
almhof-halfvolle-fruityoghurt-perzik-500-g-31741BAK.html,2026-06-23 11:20:50.456226,Jumbo,Yoghurt,31741BAK,Almhof Halfvolle Fruityoghurt Perzik 500 g,"Prijs: € 2,49 2 49","€ 4,98 per kilo 4,98 / kilo",375 kJ / 88 kcal,"1,3 g","13,7 g","13,1 g","4,6 g","0,16 g"
almhof-hoekje-yoghurt-pistache-smaak-met-krokante-amandelen-150-g-577924STK.html,2026-06-23 11:20:50.557404,Jumbo,Yoghurt,577924STK,Almhof Hoekje Yoghurt Pistache Smaak met Krokante Amandelen 150 g,"Prijs: € 1,49 1 49","€ 9,93 per kilo 9,93 / kilo",635 kJ / 151 kcal,6.0 g,19.0 g,17.9 g,4.6 g,0.16 g
almhof-roomyoghurt-aardbei-500-g-327921BKR.html,2026-06-23 11:20:50.602279,Jumbo,Yoghurt,327921BKR,Almhof Roomyoghurt Aardbei 500 g,"Prijs: € 2,59 2 59","€ 5,18 per kilo 5,18 / kilo",576.0 kJ,8.1 g,12.7 g,12.1 g,2.7 g,0.09 g
almhof-roomyoghurt-mango-special-edition-500-g-291689BKR.html,2026-06-23 11:20:50.646108,Jumbo,Yoghurt,291689BKR,Almhof roomyoghurt mango special edition 500 g,"Prijs: € 2,59 2 59","€ 5,18 per kilo 5,18 / kilo",578 kJ / 138 kcal,8.1 g,12.9 g,12.4 g,2.7 g,0.09 g
almhof-roomyoghurt-meloen-500g-736147CUP.html,2026-06-23 11:20:50.688291,Jumbo,Yoghurt,736147CUP,Almhof Roomyoghurt Meloen 500g,"Prijs: € 2,59 2 59","€ 5,18 per kilo 5,18 / kilo",582.0 kJ,8.0 g,13.4 g,12.8 g,2.7 g,0.1 g
almhof-roomyoghurt-perzik-maracuja-500-g-327956BKR.html,2026-06-23 11:20:50.729417,Jumbo,Yoghurt,327956BKR,Almhof Roomyoghurt Perzik Maracuja 500 g,"Prijs: € 2,59 2 59","€ 5,18 per kilo 5,18 / kilo",590.0 kJ,8.2 g,13.5 g,12.9 g,2.7 g,0.09 g
almhof-roomyoghurt-spaanse-sinaasappel-500-g-567345BKR.html,2026-06-23 11:20:50.770972,Jumbo,Yoghurt,567345BKR,Almhof Roomyoghurt Spaanse Sinaasappel 500 g,"Prijs: € 2,59 2 59","€ 5,18 per kilo 5,18 / kilo",578.0 kJ,8.1 g,12.4 g,11.7 g,2.7 g,0.1 g
almhof-roomyoghurt-stracciatella-500-g-11255BKR.html,2026-06-23 11:20:50.815771,Jumbo,Yoghurt,11255BKR,Almhof Roomyoghurt Stracciatella 500 g,"Prijs: € 2,59 2 59","€ 5,18 per kilo 5,18 / kilo",646.0 kJ,10.0 g,12.3 g,11.7 g,2.9 g,0.1 g
almhof-roomyoghurt-walnoot-griekse-honing-500-g-481085BKR.html,2026-06-23 11:20:50.857893,Jumbo,Yoghurt,481085BKR,Almhof Roomyoghurt Walnoot Griekse Honing 500 g,"Prijs: € 2,59 2 59","€ 5,18 per kilo 5,18 / kilo",615 kJ / 147 kcal,8.8 g,13.4 g,12.6 g,2.9 g,0.10 g
almhof-yoghurt-mousse-perzik-maracuja-2-x-95-g-715105PAK.html,2026-06-23 11:20:50.897310,Jumbo,Yoghurt,715105PAK,Almhof Yoghurt Mousse Perzik Maracuja 2 x 95 g,"Prijs: € 1,79 1 79","€ 9,42 per kilo 9,42 / kilo",587 kJ / 140 kcal,6.6 g,14.9 g,14.4 g,4.5 g,0.18 g
almhof-yoghurtmousse-aardbei-2-x-95-g-715103CUP.html,2026-06-23 11:20:50.939139,Jumbo,Yoghurt,715103CUP,Almhof yoghurtmousse aardbei 2 x 95 g,"Prijs: € 1,79 1 79","€ 9,42 per kilo 9,42 / kilo",570 kJ / 136 kcal,6.4 g,14.5 g,13.9 g,4.4 g,0.19 g
alpro-mild-creamy-naturel-plantaardige-variatie-op-yoghurt-755g-486574PAK.html,2026-06-23 11:20:50.981490,Jumbo,Yoghurt,486574PAK,Alpro Mild & Creamy Naturel Plantaardige Variatie Op Yoghurt 755g,"Prijs: € 2,89 2 89","€ 3,83 per kilo 3,83 / kilo",202.0 kJ,2.3 g,2.2 g,2.2 g,4.0 g,0.24 g
alpro-mild-creamy-no-sugars-soyaproduct-nature-755-g-486575PAK.html,2026-06-23 11:20:51.029244,Jumbo,Yoghurt,486575PAK,Alpro Mild & Creamy No Sugars Soyaproduct Nature 755 g,"Prijs: € 2,99 2 99","€ 3,96 per kilo 3,96 / kilo",179.0 kJ,2.3 g,0.0 g,0.0 g,4.0 g,0.24 g
alpro-mild-creamy-zonder-suikers-variatie-op-yoghurt-4-x-755g-486575DSL.html,2026-06-23 11:20:51.105261,Jumbo,Yoghurt,486575DSL,Alpro Mild & Creamy Zonder Suikers Variatie Op Yoghurt 4 x 755g,"Prijs: € 11,96 11 96","€ 3,96 per kilo 3,96 / kilo",179.0 kJ,2.3 g,0.0 g,0.0 g,4.0 g,0.24 g
alpro-plantaardige-variatie-op-griekse-stijl-yoghurt-34-vet-400g-563545CUP.html,2026-06-23 11:20:51.153836,Jumbo,Yoghurt,563545CUP,Alpro Plantaardige Variatie Op Griekse Stijl Yoghurt 3.4% Vet 400g,"Prijs: € 2,49 2 49","€ 6,23 per kilo 6,23 / kilo",256 kJ / 61 kcal,"3,4 g","2,5 g","1,6 g","4,0 g","0,22 g"
alpro-plantaardige-variatie-op-yoghurt-aardbei-500g-352668CUP.html,2026-06-23 11:20:51.199419,Jumbo,Yoghurt,352668CUP,Alpro Plantaardige Variatie Op Yoghurt Aardbei 500g,"Prijs: € 2,49 2 49","€ 4,98 per kilo 4,98 / kilo",286 kJ / 68 kcal,"2,1 g","8,1 g","7,9 g","3,6 g","0,23 g"
alpro-plantaardige-variatie-op-yoghurt-bosbes-500g-44504BAK.html,2026-06-23 11:20:51.250369,Jumbo,Yoghurt,44504BAK,Alpro Plantaardige Variatie Op Yoghurt Bosbes 500g,"Prijs: € 2,69 2 69","€ 5,38 per kilo 5,38 / kilo",288.0 kJ,2.1 g,8.1 g,7.9 g,3.7 g,0.16 g
alpro-plantaardige-variatie-op-yoghurt-kers-500g-86958CUP.html,2026-06-23 11:20:51.302661,Jumbo,Yoghurt,86958CUP,Alpro Plantaardige Variatie Op Yoghurt Kers 500g,"Prijs: € 2,79 2 79","€ 5,58 per kilo 5,58 / kilo",314 kJ / 75 kcal,"2,0 g","9,4 g","9,3 g","3,7 g","0,21 g"
alpro-plantaardige-variatie-op-yoghurt-naturel-500g-45178POT.html,2026-06-23 11:20:51.358217,Jumbo,Yoghurt,45178POT,Alpro Plantaardige Variatie Op Yoghurt Naturel 500g,"Prijs: € 2,39 2 39","€ 4,78 per kilo 4,78 / kilo",212 kJ / 51 kcal,"2,3 g","2,1 g","2,1 g","4,0 g","0,25 g"
alpro-plantaardige-variatie-op-yoghurt-naturel-zonder-suiker-500g-192073BAK.html,2026-06-23 11:20:51.409797,Jumbo,Yoghurt,192073BAK,Alpro Plantaardige Variatie Op Yoghurt Naturel Zonder Suiker 500g,"Prijs: € 2,49 2 49","€ 4,98 per kilo 4,98 / kilo",177 kJ / 42 kcal,"2,3 g",0 g,0 g,"4,0 g","0,24 g"
alpro-plantaardige-variatie-op-yoghurt-perzik-500g-522825BAK.html,2026-06-23 11:20:51.459584,Jumbo,Yoghurt,522825BAK,Alpro Plantaardige Variatie Op Yoghurt Perzik 500g,"Prijs: € 2,69 2 69","€ 5,38 per kilo 5,38 / kilo",292 kJ / 69 kcal,"2,1 g","8,3 g","8,2 g","3,6 g","0,25 g"
alpro-plantaardige-variatie-op-yoghurt-vanille-500g-10329BKR.html,2026-06-23 11:20:51.512727,Jumbo,Yoghurt,10329BKR,Alpro Plantaardige Variatie Op Yoghurt Vanille 500g,"Prijs: € 2,79 2 79","€ 5,58 per kilo 5,58 / kilo",279.0 kJ,2.2 g,7.5 g,7.5 g,3.7 g,0.2 g
arla-bio-vanille-yoghurt-halfvol-1-l-408145PAK.html,2026-06-23 11:20:51.563475,Jumbo,Yoghurt,408145PAK,Arla Bio Vanille Yoghurt Halfvol 1 L,"Prijs: € 2,39 2 39","€ 2,39 per liter 2,39 / liter",289 kJ 69 kcal,1.5 g,10 g,9.1 g,2.8 g,0.09 g
arla-bio-volle-yoghurt-1-l-195351PAK.html,2026-06-23 11:20:51.614271,Jumbo,Yoghurt,195351PAK,Arla Bio Volle Yoghurt 1 L,"Prijs: € 1,99 1 99","€ 1,99 per liter 1,99 / liter",251.0 kJ,3.0 g,3.9 g,3.8 g,3.4 g,0.11 g
arla-biologisch-milde-halfvolle-yoghurt-1-l-95945PAK.html,2026-06-23 11:20:51.663949,Jumbo,Yoghurt,95945PAK,Arla Biologisch Milde Halfvolle Yoghurt 1 L,"Prijs: € 1,99 1 99","€ 1,99 per liter 1,99 / liter",214 kJ 51 kcal,1.6 g,4.5 g,4.5 g,3.9 g,0.13 g
arla-biologisch-skyr-naturel-yoghurt-450-g-196776BKR.html,2026-06-23 11:20:51.703117,Jumbo,Yoghurt,196776BKR,Arla biologisch Skyr Naturel Yoghurt 450 g,"Prijs: € 2,59 2 59","€ 5,76 per kilo 5,76 / kilo",269.0 kJ,0.0 g,4.0 g,4.0 g,11.0 g,0.14 g
arla-lactofree-griekse-stijl-yoghurt-lactosevrij-450g-498514CUP.html,2026-06-23 11:20:51.743731,Jumbo,Yoghurt,498514CUP,Arla Lactofree griekse stijl yoghurt lactosevrij 450g,"Prijs: € 2,19 2 19","€ 4,87 per kilo 4,87 / kilo",437 kJ / 105 kcal,8.0 g,4.2 g,4.2 g,3.5 g,0.13 g
arla-lactofree-halfvolle-yoghurt-lactosevrij-1l-209076PAK.html,2026-06-23 11:20:51.789230,Jumbo,Yoghurt,209076PAK,Arla Lactofree halfvolle yoghurt lactosevrij 1L,"Prijs: € 2,49 2 49","€ 2,49 per liter 2,49 / liter",179 kJ / 42 kcal,1.5 g,2.2 g,2.2 g,4.3 g,0.09 g
arla-lactofree-volle-yoghurt-lactosevrij-1l-489713PAK.html,2026-06-23 11:20:51.831674,Jumbo,Yoghurt,489713PAK,Arla Lactofree volle yoghurt lactosevrij 1L,"Prijs: € 2,29 2 29","€ 2,29 per liter 2,29 / liter",227 kJ / 54 kcal,3.1 g,1.8 g,1.8 g,4.1 g,0.09 g
arla-skyr-aardbei-yoghurt-0-vet-450g-217285STK.html,2026-06-23 11:20:51.873643,Jumbo,Yoghurt,217285STK,Arla Skyr Aardbei Yoghurt 0% vet 450g,"Prijs: € 2,19 2 19","€ 4,87 per kilo 4,87 / kilo",293 kJ 69 kcal,0 g,7.4 g,6.9 g,8.8 g,0.14 g
arla-skyr-kokos-yoghurt-0-vet-450g-547426BKR.html,2026-06-23 11:20:51.925213,Jumbo,Yoghurt,547426BKR,Arla Skyr Kokos Yoghurt 0% vet 450g,"Prijs: € 2,19 2 19","€ 4,87 per kilo 4,87 / kilo",314.0 kJ,0.5 g,8.0 g,7.5 g,8.6 g,0.12 g
arla-skyr-nature-0-fat-icelandic-style-yoghurt-2x-1-kg-736509STK.html,2026-06-23 11:20:51.972378,Jumbo,Yoghurt,736509STK,Arla Skyr Nature 0% Fat Icelandic Style Yoghurt 2x 1 kg,"Prijs: € 7,98 7 98","€ 3,99 per kilo 3,99 / kilo",,,,,,
arla-skyr-naturel-0-fat-200-g-739031CUP.html,2026-06-23 11:20:52.027175,Jumbo,Yoghurt,739031CUP,Arla Skyr Naturel 0% Fat 200 g,"Prijs: € 1,49 1 49","€ 7,45 per kilo 7,45 / kilo",255 kJ 60 kcal,0 g,4.0 g,4.0 g,10 g,0.14 g
arla-skyr-naturel-yoghurt-0-vet-450g-161154BKR.html,2026-06-23 11:20:52.281626,Jumbo,Yoghurt,161154BKR,Arla Skyr Naturel Yoghurt 0% vet 450g,"Prijs: € 1,99 1 99","€ 4,42 per kilo 4,42 / kilo",255.0 kJ,0.0 g,4.0 g,4.0 g,10.0 g,0.14 g
arla-skyr-naturel-yoghurt-0-vet-xl-1kg-248004STK.html,2026-06-23 11:20:52.344198,Jumbo,Yoghurt,248004STK,Arla Skyr Naturel Yoghurt 0% vet XL 1kg,"Prijs: € 3,99 3 99","€ 3,99 per kilo 3,99 / kilo",255 kJ 60 kcal,0 g,4.0 g,4.0 g,10 g,0.14 g
arla-skyr-peach-passionfruit-0-vet-450g-707511CUP.html,2026-06-23 11:20:52.397902,Jumbo,Yoghurt,707511CUP,Arla Skyr Peach & Passionfruit 0% vet 450g,"Prijs: € 2,19 2 19","€ 4,87 per kilo 4,87 / kilo",,0 g,,,,
arla-skyr-vanille-0-fat-3x-450-g-736529STK.html,2026-06-23 11:20:52.453859,Jumbo,Yoghurt,736529STK,Arla Skyr Vanille 0% Fat 3x 450 g,"Prijs: € 6,57 6 57","€ 4,87 per kilo 4,87 / kilo",,,,,,
arla-skyr-vanille-yoghurt-0-vet-450g-179901STK.html,2026-06-23 11:20:52.507437,Jumbo,Yoghurt,179901STK,Arla Skyr Vanille Yoghurt 0% vet 450g,"Prijs: € 2,19 2 19","€ 4,87 per kilo 4,87 / kilo",306 kJ 72 kcal,0 g,8.3 g,7.5 g,8.6 g,0.12 g
arla-skyr-vanille-yoghurt-0-vet-xl-1kg-368428EM.html,2026-06-23 11:20:52.555676,Jumbo,Yoghurt,368428EM,Arla Skyr Vanille Yoghurt 0% vet XL 1kg,"Prijs: € 4,19 4 19","€ 4,19 per kilo 4,19 / kilo",309 kJ 73 kcal,0 g,8.6 g,7.5 g,,0.12 g
arla.html,2026-06-23 11:20:52.632851,Jumbo,Yoghurt,arla,Yoghurt en skyr,"Prijs: € 4,19 4 19","€ 4,19 per kilo 4,19 / kilo",,,,,,
campina-griekse-stijl-yoghurt-10-vet-1-kg-284575EM.html,2026-06-23 11:20:52.687047,Jumbo,Yoghurt,284575EM,Campina Griekse Stijl Yoghurt 10% Vet 1 kg,"Prijs: € 3,49 3 49","€ 3,49 per kilo 3,49 / kilo",518.0 kJ,10.0 g,3.8 g,3.8 g,4.3 g,0.15 g
campina-griekse-stijl-yoghurt-2-vet-1-kg-428922BKR.html,2026-06-23 11:20:52.745117,Jumbo,Yoghurt,428922BKR,Campina Griekse Stijl Yoghurt 2% Vet 1 kg,"Prijs: € 3,39 3 39","€ 3,39 per kilo 3,39 / kilo",267.0 kJ,2.0 g,4.1 g,4.1 g,6.4 g,0.25 g
campina-halfvolle-yoghurt-2-x-1-l-711469STK.html,2026-06-23 11:20:52.788133,Jumbo,Yoghurt,711469STK,Campina Halfvolle Yoghurt 2 x 1 L,"Prijs: € 3,78 3 78","€ 1,89 per liter 1,89 / liter",,,,,,
campina-halfvolle-yoghurt-extra-proteine-1-l-736023PAK.html,2026-06-23 11:20:52.835949,Jumbo,Yoghurt,736023PAK,Campina Halfvolle Yoghurt Extra Proteïne 1 L,"Prijs: € 1,99 1 99","€ 1,99 per liter 1,99 / liter",259 kJ / 61 kcal,1.5 g,5.1 g,5.1 g,,0.15 g
campina-halfvolle-yoghurt-vanillesmaak-1-l-527080PAK.html,2026-06-23 11:20:52.891649,Jumbo,Yoghurt,527080PAK,Campina Halfvolle Yoghurt Vanillesmaak 1 L,"Prijs: € 1,99 1 99","€ 1,99 per liter 1,99 / liter",317.0 kJ,1.6 g,11.0 g,10.0 g,3.1 g,0.09 g
"campina-high-protein-greek-style-yoghurt-1,5-fat-450-g-736025CUP.html",2026-06-23 11:20:52.939237,Jumbo,Yoghurt,736025CUP,"Campina High Protein Greek Style Yoghurt 1,5 % Fat 450 g","Prijs: € 2,09 2 09","€ 4,64 per kilo 4,64 / kilo",299 kJ / 71 kcal,1.5 g,3.4 g,3.4 g,10 g,0.07 g
campina-high-protein-greek-style-yoghurt-5-fat-450-g-736026CUP.html,2026-06-23 11:20:53.003802,Jumbo,Yoghurt,736026CUP,Campina High Protein Greek-Style Yoghurt 5% Fat 450 g,"Prijs: € 2,19 2 19","€ 4,87 per kilo 4,87 / kilo",414 kJ / 99 kcal,5.0 g,3.3 g,3.3 g,9.3 g,0.07 g
"campina-high-protein-greek-yoghurt-1,5-fat-1-kg-678562CUP.html",2026-06-23 11:20:53.050268,Jumbo,Yoghurt,678562CUP,"Campina High Protein Greek Yoghurt 1,5% Fat 1 kg","Prijs: € 3,69 3 69","€ 3,69 per kilo 3,69 / kilo",313.0 kJ,1.5 g,4.0 g,4.0 g,10.0 g,0.1 g
"campina-high-protein-greek-yoghurt-1,5-fat-2-x-1-kg-717429STK.html",2026-06-23 11:20:53.099732,Jumbo,Yoghurt,717429STK,"Campina High Protein Greek Yoghurt 1,5% Fat 2 x 1 kg","Prijs: € 7,38 7 38","€ 3,69 per kilo 3,69 / kilo",,,,,,
campina-high-protein-greek-yoghurt-5-fat-1-kg-678581CUP.html,2026-06-23 11:20:53.144347,Jumbo,Yoghurt,678581CUP,Campina High Protein Greek Yoghurt 5% Fat 1 kg,"Prijs: € 3,79 3 79","€ 3,79 per kilo 3,79 / kilo",441.0 kJ,5.1 g,4.2 g,4.2 g,9.5 g,0.1 g
campina-magere-yoghurt-1-l-527014PAK.html,2026-06-23 11:20:53.195033,Jumbo,Yoghurt,527014PAK,Campina Magere Yoghurt 1 L,"Prijs: € 1,69 1 69","€ 1,69 per liter 1,69 / liter",161.0 kJ,0.0 g,3.7 g,3.7 g,4.4 g,0.12 g
campina-magere-yoghurt-500-ml-526999PAK.html,2026-06-23 11:20:53.250407,Jumbo,Yoghurt,526999PAK,Campina Magere Yoghurt 500 ml,"Prijs: € 1,19 1 19","€ 2,38 per liter 2,38 / liter",167.0 kJ,0.0 g,4.0 g,4.0 g,4.7 g,0.14 g
campina-magere-yoghurt-extra-proteine-1-l-736022PAK.html,2026-06-23 11:20:53.294963,Jumbo,Yoghurt,736022PAK,Campina Magere Yoghurt Extra Proteïne 1 L,"Prijs: € 1,99 1 99","€ 1,99 per liter 1,99 / liter",205 kJ / 48 kcal,0.1 g,5.0 g,5.0 g,,0.15 g
campina-milde-halfvolle-yoghurt-1-l-31677PAK.html,2026-06-23 11:20:53.355135,Jumbo,Yoghurt,31677PAK,Campina Milde Halfvolle Yoghurt 1 L,"Prijs: € 1,89 1 89","€ 1,89 per liter 1,89 / liter",206.0 kJ,1.5 g,3.8 g,3.8 g,4.0 g,0.11 g
campina-volle-yoghurt-1-l-526937PAK.html,2026-06-23 11:20:53.405289,Jumbo,Yoghurt,526937PAK,Campina Volle Yoghurt 1 L,"Prijs: € 1,95 1 95","€ 1,95 per liter 1,95 / liter",262.0 kJ,3.1 g,3.7 g,3.7 g,3.9 g,0.11 g
campina-volle-yoghurt-500-ml-526966PAK.html,2026-06-23 11:20:53.449957,Jumbo,Yoghurt,526966PAK,Campina Volle Yoghurt 500 ml,"Prijs: € 1,29 1 29","€ 2,58 per liter 2,58 / liter",250.0 kJ,3.0 g,3.5 g,3.5 g,3.8 g,0.12 g
campina-volle-yoghurt-extra-proteine-1-l-736024PAK.html,2026-06-23 11:20:53.497203,Jumbo,Yoghurt,736024PAK,Campina Volle Yoghurt Extra Proteïne 1 L,"Prijs: € 2,29 2 29","€ 2,29 per liter 2,29 / liter",309 kJ / 74 kcal,3.0 g,5.1 g,5.1g,,0.15 g
campina.html,2026-06-23 11:20:53.563957,Jumbo,Yoghurt,campina,Yoghurt en skyr,"Prijs: € 1,95 1 95","€ 1,95 per liter 1,95 / liter",,,,,,
danone-af-en-toetje-yoghurt-sprinklins-220-g-178334STK.html,2026-06-23 11:20:53.613997,Jumbo,Yoghurt,178334STK,Danone Af en Toetje Yoghurt Sprinklins 220 g,"Prijs: € 1,99 1 99","€ 9,05 per kilo 9,05 / kilo",425.0 kJ,3.2 g,13.1 g,9.9 g,4.8 g,0.14 g
danone-mm-s-vanilleyoghurt-120-g-578882STK.html,2026-06-23 11:20:53.666774,Jumbo,Yoghurt,578882STK,Danone M&M's Vanilleyoghurt 120 g,"Prijs: € 1,29 1 29","€ 10,75 per kilo 10,75 / kilo",530.0 kJ,3.7 g,18.6 g,17.6 g,4.7 g,0.17 g
danoontje-yoghurt-tussendoortje-aardbei-70g-578830PAK.html,2026-06-23 11:20:53.714324,Jumbo,Yoghurt,578830PAK,Danoontje Yoghurt Tussendoortje Aardbei 70g,"Prijs: € 0,99 0 99","€ 14,14 per kilo 14,14 / kilo",319.0 kJ,2.6 g,9.5 g,7.89 g,3.6 g,0.11 g
danoontje-yoghurt-tussendoortje-appel-aardbei-70-g-577795ZK.html,2026-06-23 11:20:53.767402,Jumbo,Yoghurt,577795ZK,Danoontje Yoghurt Tussendoortje Appel Aardbei 70 g,"Prijs: € 0,99 0 99","€ 14,14 per kilo 14,14 / kilo",325.0 kJ,2.7 g,9.6 g,7.3 g,3.6 g,0.11 g
danoontje-yoghurt-tussendoortje-banaan-70g-577806ZK.html,2026-06-23 11:20:53.817556,Jumbo,Yoghurt,577806ZK,Danoontje Yoghurt Tussendoortje Banaan 70g,"Prijs: € 0,99 0 99","€ 14,14 per kilo 14,14 / kilo",332.0 kJ,2.6 g,10.3 g,8.6 g,3.6 g,0.11 g
den-eelder-boeren-milde-halfvolle-yoghurt-1-l-48947PAK.html,2026-06-23 11:20:53.864958,Jumbo,Yoghurt,48947PAK,Den Eelder Boeren Milde Halfvolle Yoghurt 1 L,"Prijs: € 1,89 1 89","€ 1,89 per liter 1,89 / liter",188 kJ/45 kcal,"1,5 g","4,3 g","2,6 g*","3,5 g","0,1 g*"
den-eelder-boeren-vanille-yoghurt-1-l-48948PAK.html,2026-06-23 11:20:53.920560,Jumbo,Yoghurt,48948PAK,den Eelder Boeren Vanille Yoghurt 1 L,"Prijs: € 2,35 2 35","€ 2,35 per liter 2,35 / liter",366 kJ/87 kcal,"3,6 g","10,4 g","8,6 g","3,3 g","0,11 g*"
den-eelder-boeren-volle-yoghurt-1-l-31782PAK.html,2026-06-23 11:20:54.103883,Jumbo,Yoghurt,31782PAK,den Eelder Boeren Volle Yoghurt 1 L,"Prijs: € 2,19 2 19","€ 2,19 per liter 2,19 / liter",267 kJ/64 kcal,"4,0 g","4,0 g","2,2 g*","3,5 g","0,11 g*"
"den-eelder-geiten-yoghurt-0,5-l-37129PAK.html",2026-06-23 11:20:54.152159,Jumbo,Yoghurt,37129PAK,"Den Eelder Geiten Yoghurt 0,5 L","Prijs: € 1,89 1 89","€ 3,78 per liter 3,78 / liter",263.0 kJ,3.9 g,3.5 g,2.2 g,3.4 g,0.1 g
dodoni-authentieke-griekse-yoghurt-0-vet-170-g-577793CUP.html,2026-06-23 11:20:54.201289,Jumbo,Yoghurt,577793CUP,Dodoni Authentieke Griekse Yoghurt 0% Vet 170 g,"Prijs: € 1,29 1 29","€ 7,59 per kilo 7,59 / kilo",201 kJ / 47 kcal,,2.8 g,2.8 g,9 g,
dodoni-authentieke-griekse-yoghurt-0-vet-500-g-257407BKR.html,2026-06-23 11:20:54.258049,Jumbo,Yoghurt,257407BKR,Dodoni Authentieke Griekse Yoghurt 0% Vet 500 g,"Prijs: € 2,69 2 69","€ 5,38 per kilo 5,38 / kilo",201 kJ,,2.8 g,2.8 g,9 g,
dodoni-authentieke-griekse-yoghurt-10-vet-1-kg-583152POT.html,2026-06-23 11:20:54.307953,Jumbo,Yoghurt,583152POT,Dodoni Authentieke Griekse Yoghurt 10% Vet 1 kg,"Prijs: € 4,99 4 99","€ 4,99 per kilo 4,99 / kilo",520 kJ /125 kcal,,2.9 g,2.9 g,5.9 g,
dodoni-authentieke-griekse-yoghurt-10-vet-170-g-577802CUP.html,2026-06-23 11:20:54.357756,Jumbo,Yoghurt,577802CUP,Dodoni Authentieke Griekse Yoghurt 10% Vet 170 g,"Prijs: € 1,49 1 49","€ 8,76 per kilo 8,76 / kilo",520 kJ / 125 kcal,,2.9 g,2.9 g,5.9 g,
dodoni-authentieke-griekse-yoghurt-10-vet-500-g-257453BKR.html,2026-06-23 11:20:54.412207,Jumbo,Yoghurt,257453BKR,Dodoni Authentieke Griekse Yoghurt 10% Vet 500 g,"Prijs: € 2,99 2 99","€ 5,98 per kilo 5,98 / kilo",520 kJ,,2.9 g,2.9 g,5.9 g,
dodoni-authentieke-griekse-yoghurt-5-vet-500-g-257455BKR.html,2026-06-23 11:20:54.455855,Jumbo,Yoghurt,257455BKR,Dodoni Authentieke Griekse Yoghurt 5% Vet 500 g,"Prijs: € 2,79 2 79","€ 5,58 per kilo 5,58 / kilo",367kJ,,2.8 g,2.8 g,7.9 g,
griekse-yoghurt.html,2026-06-23 11:20:54.541319,Jumbo,Yoghurt,yoghurt,Griekse yoghurt,"Prijs: € 1,79 1 79","€ 1,79 per kilo 1,79 / kilo",,,,,,
halfvolle-vanille-yoghurt-1-l-257952PAK.html,2026-06-23 11:20:54.588852,Jumbo,Yoghurt,257952PAK,Halfvolle Vanille Yoghurt 1 L,"Prijs: € 1,49 1 49","€ 1,49 per liter 1,49 / liter",335 kJ / 80 kcal,,"12,6 g","11,8 g",,"0,11 g"
halfvolle-yoghurt-1-l-619619PAK.html,2026-06-23 11:20:54.641283,Jumbo,Yoghurt,619619PAK,Halfvolle Yoghurt 1 L,"Prijs: € 0,95 0 95","€ 0,95 per liter 0,95 / liter",209.0 kJ,1.6 g,4.0 g,4.0 g,4.8 g,0.14 g
halfvolle-yoghurt.html,2026-06-23 11:20:54.711407,Jumbo,Yoghurt,yoghurt,Halfvolle yoghurt,"Prijs: € 1,99 1 99","€ 1,99 per liter 1,99 / liter",,,,,,
hipro-protein-kwark-banaan-200-g-578578ZK.html,2026-06-23 11:20:54.760551,Jumbo,Yoghurt,578578ZK,HiPRO Protein Kwark Banaan 200 g,"Prijs: € 1,99 1 99","€ 9,95 per kilo 9,95 / kilo",295.0 kJ,0.4 g,4.0 g,3.3 g,12.4 g,0.12 g
hipro-protein-kwark-banaan-6-x-200-g-578578DSL.html,2026-06-23 11:20:54.811522,Jumbo,Yoghurt,578578DSL,HiPRO Protein Kwark Banaan 6 x 200 g,"Prijs: € 11,94 11 94","€ 9,95 per kilo 9,95 / kilo",295.0 kJ,0.4 g,4.0 g,3.3 g,12.4 g,0.12 g
hipro-protein-kwark-bosvruchten-200g-578690ZK.html,2026-06-23 11:20:54.860949,Jumbo,Yoghurt,578690ZK,HiPRO Protein Kwark Bosvruchten 200g,"Prijs: € 1,99 1 99","€ 9,95 per kilo 9,95 / kilo",290.0 kJ,0.4 g,3.6 g,2.8 g,12.4 g,0.12 g
hipro-protein-kwark-bosvruchten-6-x-200-g-578690DSL.html,2026-06-23 11:20:54.927799,Jumbo,Yoghurt,578690DSL,HiPRO Protein Kwark Bosvruchten 6 x  200 g,"Prijs: € 11,94 11 94","€ 9,95 per kilo 9,95 / kilo",290.0 kJ,0.4 g,3.6 g,2.8 g,12.4 g,0.12 g
hipro-protein-skyr-stijl-vanille-450g-478256CUP.html,2026-06-23 11:20:54.998682,Jumbo,Yoghurt,478256CUP,HiPRO Protein Skyr Stijl Vanille 450g,"Prijs: € 2,99 2 99","€ 6,64 per kilo 6,64 / kilo",225.0 kJ,0.1 g,3.6 g,3.1 g,9.4 g,0.09 g
hipro-proteine-skyr-stijl-stracciatella-450-g-521733CUP.html,2026-06-23 11:20:55.055775,Jumbo,Yoghurt,521733CUP,HiPRO Proteïne Skyr Stijl Stracciatella 450 g,"Prijs: € 2,99 2 99","€ 6,64 per kilo 6,64 / kilo",239.0 kJ,0.5 g,3.6 g,3.1 g,9.4 g,0.1 g
isey-skyr-air-chocolate-coconut-125-g-715102CUP.html,2026-06-23 11:20:55.111731,Jumbo,Yoghurt,715102CUP,Ísey Skyr Air Chocolate-Coconut 125 g,"Prijs: € 1,69 1 69","€ 13,52 per kilo 13,52 / kilo",330 kJ/79 kcal,,3.5 g,,9.1 g,0.12 g
isey-skyr-air-mousse-passionfruit-125-g-715063CUP.html,2026-06-23 11:20:55.160456,Jumbo,Yoghurt,715063CUP,Ísey Skyr Air Mousse Passionfruit 125 g,"Prijs: € 1,69 1 69","€ 13,52 per kilo 13,52 / kilo",299 kJ/71 kcal,,4.1 g,,8.5 g,0.15 g
isey-skyr-air-mousse-stracciatella-125-g-652299CUP.html,2026-06-23 11:20:55.210866,Jumbo,Yoghurt,652299CUP,Ísey Skyr Air Mousse Stracciatella 125 g,"Prijs: € 1,69 1 69","€ 13,52 per kilo 13,52 / kilo",308 kJ/74 kcal,,3.4 g,,8.4 g,0.13 g
isey-skyr-banana-toffee-125-g-603608CUP.html,2026-06-23 11:20:55.271577,Jumbo,Yoghurt,603608CUP,Ísey Skyr Banana - Toffee 125 g,"Prijs: € 1,69 1 69","€ 13,52 per kilo 13,52 / kilo",314 kJ/74 kcal,,5.0 g,,8.5 g,0.13 g
isey-skyr-blueberry-pie-400g-494994CUP.html,2026-06-23 11:20:55.317138,Jumbo,Yoghurt,494994CUP,Ísey Skyr Blueberry Pie 400g,"Prijs: € 2,99 2 99","€ 7,48 per kilo 7,48 / kilo",263 kJ/62 kcal,,5.2 g,,9.6 g,0.08 g
isey-skyr-cherry-cheesecake-140-g-715065ZK.html,2026-06-23 11:20:55.365400,Jumbo,Yoghurt,715065ZK,Ísey Skyr Cherry Cheesecake 140 g,"Prijs: € 1,89 1 89","€ 13,50 per kilo 13,50 / kilo",314 kJ/75 kcal,,4.3 g,,9.3 g,0.15 g
isey-skyr-cherry-chocolate-125-g-603609CUP.html,2026-06-23 11:20:55.419218,Jumbo,Yoghurt,603609CUP,Ísey Skyr Cherry - Chocolate 125 g,"Prijs: € 1,69 1 69","€ 13,52 per kilo 13,52 / kilo",343.0 kJ,3.1 g,4.7 g,4.3 g,8.7 g,0.14 g
isey-skyr-creme-brulee-170g-578698STK.html,2026-06-23 11:20:55.465107,Jumbo,Yoghurt,578698STK,Ísey Skyr Crème Brûlée 170g,"Prijs: € 1,89 1 89","€ 11,12 per kilo 11,12 / kilo",322 kJ/77 kcal,,4.0 g,,9.5 g,0.14 g
isey-skyr-lactose-free-aardbei-witte-chocolade-400-g-456491CUP.html,2026-06-23 11:20:55.511064,Jumbo,Yoghurt,456491CUP,Ísey Skyr Lactose Free Aardbei-Witte Chocolade 400 g,"Prijs: € 2,99 2 99","€ 7,48 per kilo 7,48 / kilo",354 kJ/85 kcal,,4.3 g,,8.5 g,0.09 g
isey-skyr-lactose-free-vanille-400-g-634432CUP.html,2026-06-23 11:20:55.566012,Jumbo,Yoghurt,634432CUP,Ísey Skyr Lactose Free Vanille 400 g,"Prijs: € 2,99 2 99","€ 7,48 per kilo 7,48 / kilo",234.0 kJ,0.2 g,3.6 g,3.1 g,9.7 g,0.13 g
isey-skyr-lemon-cheesecake-170g-578248CUP.html,2026-06-23 11:20:55.610976,Jumbo,Yoghurt,578248CUP,Ísey Skyr Lemon Cheesecake 170g,"Prijs: € 1,89 1 89","€ 11,12 per kilo 11,12 / kilo",251 kJ/59 kcal,,4.8 g,,9.5 g,0.20 g
isey-skyr-lemon-cheesecake-6-x-170g-578248TRL.html,2026-06-23 11:20:55.658006,Jumbo,Yoghurt,578248TRL,Isey Skyr Lemon-Cheesecake 6 x 170g,"Prijs: € 11,34 11 34","€ 11,12 per kilo 11,12 / kilo",251 kJ/59 kcal,,4.8 g,,9.5 g,0.20 g
isey-skyr-mandarin-pie-140-g-578263ZK.html,2026-06-23 11:20:55.844453,Jumbo,Yoghurt,578263ZK,Ísey Skyr Mandarin Pie 140 g,"Prijs: € 1,89 1 89","€ 13,50 per kilo 13,50 / kilo",300 kJ/71 kcal,,4.1 g,,8.9 g,0.14 g
isey-skyr-mango-matcha-170g-753523CUP.html,2026-06-23 11:20:55.885102,Jumbo,Yoghurt,753523CUP,Ísey Skyr Mango-Matcha 170g,"Prijs: € 1,89 1 89","€ 11,12 per kilo 11,12 / kilo",314.0 kJ,2.2 g,4.3 g,4.0 g,9.3 g,0.15 g
isey-skyr-mango-panna-cotta-400-g-715068CUP.html,2026-06-23 11:20:55.934207,Jumbo,Yoghurt,715068CUP,Ísey Skyr Mango Panna Cotta 400 g,"Prijs: € 2,99 2 99","€ 7,48 per kilo 7,48 / kilo",314 kJ/75 kcal,,4.2 g,,9.4 g,0.08 g
isey-skyr-perzik-140-g-603211ZK.html,2026-06-23 11:20:55.994250,Jumbo,Yoghurt,603211ZK,Ísey Skyr Perzik 140 g,"Prijs: € 1,89 1 89","€ 13,50 per kilo 13,50 / kilo",300 kJ/70 kcal,,4.1 g,,8.9 g,0.14 g
isey-skyr-perzik-400-g-634022CUP.html,2026-06-23 11:20:56.063717,Jumbo,Yoghurt,634022CUP,Ísey Skyr Perzik 400 g,"Prijs: € 2,99 2 99","€ 7,48 per kilo 7,48 / kilo",295 kJ/70 kcal,,3.9,,8.9,0.14 g
isey-skyr-toffee-140g-578249ZK.html,2026-06-23 11:20:56.120683,Jumbo,Yoghurt,578249ZK,Ísey Skyr Toffee 140g,"Prijs: € 1,89 1 89","€ 13,50 per kilo 13,50 / kilo",298 kJ/71 kcal,,3.8 g,,9.1 g,0.21 g
isey-skyr-toffee-578249DSL.html,2026-06-23 11:20:56.175222,Jumbo,Yoghurt,578249DSL,Ísey Skyr Toffee,"Prijs: € 15,12 15 12","€ 13,50 per kilo 13,50 / kilo",298 kJ/71 kcal,,3.8 g,,9.1 g,0.21 g
isey-skyr-vanille-140g-578871DSL.html,2026-06-23 11:20:56.222289,Jumbo,Yoghurt,578871DSL,Ísey Skyr Vanille 140g,"Prijs: € 15,12 15 12","€ 13,50 per kilo 13,50 / kilo",297 kJ/71 kcal,,3.6 g,,9.3 g,0.13 g
isey-skyr-vanille-140g-578871ZK.html,2026-06-23 11:20:56.278318,Jumbo,Yoghurt,578871ZK,Ísey Skyr Vanille 140g,"Prijs: € 1,89 1 89","€ 13,50 per kilo 13,50 / kilo",297 kJ/71 kcal,,3.6 g,,9.3 g,0.13 g
isey-skyr.html,2026-06-23 11:20:56.359195,Jumbo,Yoghurt,skyr,Yoghurt en skyr,"Prijs: € 15,12 15 12","€ 13,50 per kilo 13,50 / kilo",,,,,,
jumbo-biologisch-halfvolle-biogarde-stand-500-g-221284BKR.html,2026-06-23 11:20:56.409677,Jumbo,Yoghurt,221284BKR,Jumbo Biologisch Halfvolle Biogarde Stand 500 g,"Prijs: € 1,49 1 49","€ 2,98 per kilo 2,98 / kilo",207.0 kJ,1.5 g,4.5 g,4.5 g,4.4 g,0.15 g
jumbo-biologisch-magere-yoghurt-1-l-420597PAK.html,2026-06-23 11:20:56.470509,Jumbo,Yoghurt,420597PAK,Jumbo Biologisch Magere Yoghurt 1 L,"Prijs: € 1,49 1 49","€ 1,49 per liter 1,49 / liter",156.0 kJ,0.3 g,4.0 g,4.0 g,4.5 g,0.11 g
jumbo-biologisch-volle-biogarde-roer-500-g-221285BKR.html,2026-06-23 11:20:56.518089,Jumbo,Yoghurt,221285BKR,Jumbo Biologisch Volle Biogarde Roer 500 g,"Prijs: € 1,59 1 59","€ 3,18 per kilo 3,18 / kilo",249.0 kJ,3.5 g,3.5 g,3.5 g,3.5 g,0.1 g
jumbo-biologisch-volle-yoghurt-1-l-421677PAK.html,2026-06-23 11:20:56.568775,Jumbo,Yoghurt,421677PAK,Jumbo Biologisch Volle Yoghurt 1 L,"Prijs: € 1,79 1 79","€ 1,79 per liter 1,79 / liter",230.0 kJ,3.0 g,3.4 g,3.4 g,3.6 g,0.1 g
jumbo-biologische-halfvolle-yoghurt-1-l-420600PAK.html,2026-06-23 11:20:56.624632,Jumbo,Yoghurt,420600PAK,Jumbo Biologische Halfvolle Yoghurt 1 L,"Prijs: € 1,65 1 65","€ 1,65 per liter 1,65 / liter",210 kJ,"1,5 g","4,3 g","4,3 g","4,2 g",
jumbo-direct-van-de-boerderij-biologische-volle-yoghurt-500-g-645302POT.html,2026-06-23 11:20:56.678310,Jumbo,Yoghurt,645302POT,Jumbo Direct van de Boerderij Biologische Volle Yoghurt 500 g,"Prijs: € 1,99 1 99","€ 3,98 per liter 3,98 / liter",kJ 256 / kcal 62,4.0 g,2.8 g,2.8 g,3.5 g,
"jumbo-fris-fruitige-aardbeien-magere-yoghurt-0,1-vet-1-l-304575PAK.html",2026-06-23 11:20:56.725600,Jumbo,Yoghurt,304575PAK,"Jumbo Fris Fruitige Aardbeien Magere Yoghurt 0,1% Vet 1 L","Prijs: € 1,49 1 49","€ 1,49 per liter 1,49 / liter",kJ 266,0.1 g,11.6 g,10.3 g,3.0 g,
"jumbo-fris-fruitige-bosvruchten-magere-yoghurt-0,1-vet-1-l-304573PAK.html",2026-06-23 11:20:56.783595,Jumbo,Yoghurt,304573PAK,"Jumbo Fris Fruitige Bosvruchten Magere Yoghurt 0,1% Vet 1 L","Prijs: € 1,59 1 59","€ 1,59 per liter 1,59 / liter",kJ 268,0.1 g,11.6 g,10.2 g,3.1 g,
"jumbo-fris-fruitige-perzik-magere-yoghurt-0,1-vet-1-l-304574PAK.html",2026-06-23 11:20:56.832193,Jumbo,Yoghurt,304574PAK,"Jumbo Fris Fruitige Perzik Magere Yoghurt 0,1% Vet 1 L","Prijs: € 1,45 1 45","€ 1,45 per liter 1,45 / liter",kJ 263,0.1 g,11.5 g,10.3 g,3.0 g,
"jumbo-frisse-magere-yoghurt-0,1-vet-1-l-751913PAK.html",2026-06-23 11:20:56.881752,Jumbo,Yoghurt,751913PAK,"Jumbo Frisse Magere Yoghurt 0,1% Vet 1 L","Prijs: € 1,39 1 39","€ 1,39 per liter 1,39 / liter",kJ 150,0.1 g,3.8 g,3.8 g,4.8 g,
jumbo-fruit-yoghurtje-bosfruit-200-g-578381STK.html,2026-06-23 11:20:56.936969,Jumbo,Yoghurt,578381STK,Jumbo Fruit Yoghurtje Bosfruit 200 g,"Prijs: € 1,49 1 49","€ 7,45 per kilo 7,45 / kilo",kJ 383 / kcal 91,"2,8 g","12,5 g","11,9 g","3,8 g","0,13 g*"
jumbo-griekse-yoghurt-biologisch-10-vet-1-kg-428574EM.html,2026-06-23 11:20:56.980472,Jumbo,Yoghurt,428574EM,Jumbo Griekse Yoghurt Biologisch 10% Vet 1 kg,"Prijs: € 2,99 2 99","€ 2,99 per kilo 2,99 / kilo",518.0 kJ,10.0 g,4.2 g,4.2 g,4.5 g,0.1 g
jumbo-halfvolle-yoghurt-met-vanillesmaak-1-l-376106PAK.html,2026-06-23 11:20:57.032538,Jumbo,Yoghurt,376106PAK,Jumbo Halfvolle Yoghurt met Vanillesmaak 1 L,"Prijs: € 1,79 1 79","€ 1,79 per liter 1,79 / liter",kJ 310,"1,6 g","10,9 g","10,0 g","3,1 g",
jumbo-high-protein-kwark-framboos-200-g-688481STK.html,2026-06-23 11:20:57.081898,Jumbo,Yoghurt,688481STK,Jumbo High Protein Kwark Framboos 200 g,"Prijs: € 1,39 1 39","€ 6,95 per kilo 6,95 / kilo",kJ 290,0.4 g,3.4 g,3.0 g,12.6 g,0.13 g
jumbo-high-protein-kwark-perzik-passievrucht-200-g-688480STK.html,2026-06-23 11:20:57.129563,Jumbo,Yoghurt,688480STK,Jumbo High Protein Kwark Perzik Passievrucht 200 g,"Prijs: € 1,39 1 39","€ 6,95 per kilo 6,95 / kilo",kJ 286,0.4 g,3.5 g,3.0 g,12.4 g,0.13 g
jumbo-lekker-vrij-van-lactose-magere-yoghurt-1-l-332210PAK.html,2026-06-23 11:20:57.180211,Jumbo,Yoghurt,332210PAK,Jumbo Lekker Vrij van Lactose Magere Yoghurt 1 L,"Prijs: € 1,95 1 95","€ 1,95 per liter 1,95 / liter",141.0 kJ,0.1 g,4.0 g,4.0 g,4.1 g,0.1 g
jumbo-lekker-vrij-van-lactose-yoghurt-griekse-stijl-500-g-708229CUP.html,2026-06-23 11:20:57.229292,Jumbo,Yoghurt,708229CUP,Jumbo Lekker Vrij van Lactose Yoghurt Griekse Stijl 500 g,"Prijs: € 1,99 1 99","€ 3,98 per kilo 3,98 / kilo",kJ 323 / kcal 77,5.0 g,4.6 g,4.6 g,3.5 g,
"jumbo-magere-yoghurt-0,1-vet-1,5-l-751914PAK.html",2026-06-23 11:20:57.278895,Jumbo,Yoghurt,751914PAK,"Jumbo Magere Yoghurt 0,1% Vet 1,5 L","Prijs: € 1,99 1 99","€ 1,33 per liter 1,33 / liter",kJ 153 / kcal 36,0.1 g,4.3 g,4.3 g,4.5 g,
jumbo-milde-halfvolle-yoghurt-1-l-751912PAK.html,2026-06-23 11:20:57.331771,Jumbo,Yoghurt,751912PAK,Jumbo Milde Halfvolle Yoghurt 1 L,"Prijs: € 1,49 1 49","€ 1,49 per liter 1,49 / liter",kJ 205,1.6 g,3.8 g,3.8 g,4.8 g,
jumbo-romige-volle-yoghurt-1-l-751915PAK.html,2026-06-23 11:20:57.376613,Jumbo,Yoghurt,751915PAK,Jumbo Romige Volle Yoghurt 1 L,"Prijs: € 1,69 1 69","€ 1,69 per liter 1,69 / liter",kJ 255,3.0 g,3.8 g,3.8 g,4.6 g,
jumbo-skyr-ijslandse-stijl-naturel-1-kg-629423CUP.html,2026-06-23 11:20:57.420890,Jumbo,Yoghurt,629423CUP,Jumbo Skyr IJslandse Stijl Naturel 1 kg,"Prijs: € 3,25 3 25","€ 3,25 per kilo 3,25 / kilo",kJ 262,0.2 g,4.0 g,4.0 g,11.0 g,
jumbo-skyr-ijslandse-stijl-vanille-500-g-500809CUP.html,2026-06-23 11:20:57.592489,Jumbo,Yoghurt,500809CUP,Jumbo Skyr IJslandse Stijl Vanille 500 g,"Prijs: € 1,85 1 85","€ 3,70 per kilo 3,70 / kilo",kJ 308 / kcal 73,"0,2 g","8,3 g","7,6 g","9,5 g",
jumbo-soja-plantaardig-alternatief-voor-yoghurt-500-g-671261CUP.html,2026-06-23 11:20:57.643504,Jumbo,Yoghurt,671261CUP,Jumbo Soja Plantaardig Alternatief voor Yoghurt 500 g,"Prijs: € 0,99 0 99","€ 1,98 per kilo 1,98 / kilo",kJ 190,2.0 g,2.5 g,2.2 g,4.0 g,0.15 g
jumbo-soja-plantaardig-alternatief-voor-yoghurt-500-g-671262CUP.html,2026-06-23 11:20:57.693031,Jumbo,Yoghurt,671262CUP,Jumbo Soja Plantaardig Alternatief voor Yoghurt 500 g,"Prijs: € 0,99 0 99","€ 1,98 per kilo 1,98 / kilo",kJ 194,2.2 g,1.9 g,0.7 g,4.4 g,0.16 g
jumbo-soja-plantaardig-alternatief-voor-yoghurt-blauwe-bes-500-g-671265CUP.html,2026-06-23 11:20:57.743295,Jumbo,Yoghurt,671265CUP,Jumbo Soja Plantaardig Alternatief voor Yoghurt Blauwe Bes 500 g,"Prijs: € 1,89 1 89","€ 3,78 per kilo 3,78 / kilo",kJ 315,1.9 g,10.3 g,8.7 g,3.6 g,0.14 g
jumbo-soja-plantaardig-alternatief-voor-yoghurt-vanille-smaak-500-g-671263CUP.html,2026-06-23 11:20:57.792884,Jumbo,Yoghurt,671263CUP,Jumbo Soja Plantaardig Alternatief voor Yoghurt Vanille Smaak 500 g,"Prijs: € 1,89 1 89","€ 3,78 per kilo 3,78 / kilo",kJ 322,1.9 g,10.8 g,9.1 g,3.7 g,0.14 g
jumbo-volle-yoghurt-aardbei-1-kg-579605EM.html,2026-06-23 11:20:57.844479,Jumbo,Yoghurt,579605EM,Jumbo Volle Yoghurt Aardbei 1 KG,"Prijs: € 1,99 1 99","€ 1,99 per kilo 1,99 / kilo",kJ 415,"4,0 g","12,7 g","12,1 g","2,9 g","0,11 g"
jumbo-volle-yoghurt-stracciatella-1-kg-579606EM.html,2026-06-23 11:20:57.915941,Jumbo,Yoghurt,579606EM,Jumbo Volle Yoghurt Stracciatella 1 KG,"Prijs: € 2,39 2 39","€ 2,39 per kilo 2,39 / kilo",kJ 482,"5,8 g","12,6 g","12,0 g","3,0 g","0,10 g"
"jumbo-yoghurt-griekse-stijl-0,1-vet-1-kg-612036EM.html",2026-06-23 11:20:57.979770,Jumbo,Yoghurt,612036EM,"Jumbo Yoghurt Griekse Stijl 0,1% Vet 1 kg","Prijs: € 1,95 1 95","€ 1,95 per kilo 1,95 / kilo",kJ 176,"0,1 g","4,2 g","4,2 g","5,5 g",
jumbo-yoghurt-griekse-stijl-10-vet-150g-581871CUP.html,2026-06-23 11:20:58.040720,Jumbo,Yoghurt,581871CUP,Jumbo Yoghurt Griekse Stijl 10% vet 150g,"Prijs: € 0,79 0 79","€ 5,27 per kilo 5,27 / kilo",499.0 kJ,10.0 g,3.6 g,3.6 g,4.0 g,0.11 g
jumbo-yoghurt-griekse-stijl-aardbei-1-kg-430618EM.html,2026-06-23 11:20:58.100804,Jumbo,Yoghurt,430618EM,Jumbo Yoghurt Griekse Stijl Aardbei 1 kg,"Prijs: € 2,45 2 45","€ 2,45 per kilo 2,45 / kilo",kJ 583 / kcal 140,"8,2 g","13,5 g","12,8 g","2,9 g",
jumbo-yoghurt-griekse-stijl-aardbei-200-g-578066TRL.html,2026-06-23 11:20:58.156162,Jumbo,Yoghurt,578066TRL,Jumbo Yoghurt Griekse Stijl Aardbei 200 g,"Prijs: € 11,12 11 12","€ 6,95 per kilo 6,95 / kilo",kJ 527,"7,9 g","10,7 g","9,9 g","2,9 g",
jumbo-yoghurt-griekse-stijl-aardbei-200-g-578066ZK.html,2026-06-23 11:20:58.211705,Jumbo,Yoghurt,578066ZK,Jumbo Yoghurt Griekse Stijl Aardbei 200 g,"Prijs: € 1,39 1 39","€ 6,95 per kilo 6,95 / kilo",kJ 527,"7,9 g","10,7 g","9,9 g","2,9 g",
jumbo-yoghurt-griekse-stijl-aardbei-4-x-150-g-561930PAK.html,2026-06-23 11:20:58.266901,Jumbo,Yoghurt,561930PAK,Jumbo Yoghurt Griekse Stijl Aardbei 4 x 150 g,"Prijs: € 2,29 2 29","€ 3,82 per kilo 3,82 / kilo",kJ 518/kcal 124,"7,2 g","12,4 g","11,2 g","2,3 g",
jumbo-yoghurt-griekse-stijl-honing-4-x-150-g-561928PAK.html,2026-06-23 11:20:58.312654,Jumbo,Yoghurt,561928PAK,Jumbo Yoghurt Griekse Stijl Honing 4 x 150 g,"Prijs: € 2,29 2 29","€ 3,82 per kilo 3,82 / kilo",kJ 553/kcal 133,"8,1 g","12,5 g","12,1 g","2,4 g",
jumbo-yoghurt-griekse-stijl-naturel-10-vet-1kg-293850EM.html,2026-06-23 11:20:58.369288,Jumbo,Yoghurt,293850EM,Jumbo Yoghurt Griekse Stijl Naturel 10% Vet 1KG,"Prijs: € 1,79 1 79","€ 1,79 per kilo 1,79 / kilo",kJ 507,10.0 g,4.2 g,4.2 g,3.4 g,
jumbo-yoghurt-griekse-stijl-naturel-10-vet-500-g-430933CUP.html,2026-06-23 11:20:58.414658,Jumbo,Yoghurt,430933CUP,Jumbo Yoghurt Griekse Stijl Naturel 10% Vet 500 g,"Prijs: € 1,99 1 99","€ 3,98 per kilo 3,98 / kilo",kJ 509 / kcal 123,"10,0 g","4,2 g","4,2 g","4,0 g",
jumbo-yoghurt-griekse-stijl-naturel-4-x-150-g-738866PAK.html,2026-06-23 11:20:58.455519,Jumbo,Yoghurt,738866PAK,Jumbo Yoghurt Griekse Stijl Naturel 4 x 150 g,"Prijs: € 1,99 1 99","€ 3,32 per kilo 3,32 / kilo",494 kJ,10 g,4.3 g,4.3 g,3 g,0.09 g
jumbo-yoghurt-griekse-stijl-perzik-passievrucht-1-kg-430751EM.html,2026-06-23 11:20:58.511739,Jumbo,Yoghurt,430751EM,Jumbo Yoghurt Griekse Stijl Perzik Passievrucht 1 kg,"Prijs: € 2,45 2 45","€ 2,45 per kilo 2,45 / kilo",kJ 583 / kcal 140,"8,2 g","13,5 g","12,8 g","2,9 g",
jumbo-yoghurt-griekse-stijl-vanillesmaak-1-kg-500820EM.html,2026-06-23 11:20:58.565874,Jumbo,Yoghurt,500820EM,Jumbo Yoghurt Griekse Stijl Vanillesmaak 1 kg,"Prijs: € 2,45 2 45","€ 2,45 per kilo 2,45 / kilo",kJ 557 / kcal 133,"8,2 g","12,3 g","11,7 g","2,6 g",
jumbo-yoghurt-griekse-stijl-vanillesmaak-200-g-578074TRL.html,2026-06-23 11:20:58.614183,Jumbo,Yoghurt,578074TRL,Jumbo Yoghurt Griekse Stijl Vanillesmaak 200 g,"Prijs: € 11,12 11 12","€ 6,95 per kilo 6,95 / kilo",kJ 554,"7,4 g","13,8 g","11,2 g","2,5 g",
jumbo-yoghurt-griekse-stijl-vanillesmaak-200-g-578074ZK.html,2026-06-23 11:20:58.668166,Jumbo,Yoghurt,578074ZK,Jumbo Yoghurt Griekse Stijl Vanillesmaak 200 g,"Prijs: € 1,39 1 39","€ 6,95 per kilo 6,95 / kilo",kJ 554,"7,4 g","13,8 g","11,2 g","2,5 g",
jumbo-yoghurt-met-vanillesmaak-200-g-578055STK.html,2026-06-23 11:20:58.720927,Jumbo,Yoghurt,578055STK,Jumbo Yoghurt met Vanillesmaak 200 g,"Prijs: € 1,49 1 49","€ 7,45 per kilo 7,45 / kilo",kJ 355 / kcal 84,"3,1 g","10,1 g","9,6 g","4,1 g","0,14 g*"
jumbo-yoghurt-turkse-stijl-naturel-10-vet-1-kg-293849EM.html,2026-06-23 11:20:58.763804,Jumbo,Yoghurt,293849EM,Jumbo Yoghurt Turkse Stijl Naturel 10% Vet 1 kg,"Prijs: € 2,29 2 29","€ 2,29 per kilo 2,29 / kilo",kJ 510,"10,0 g","4,2 g","4,2 g","3,4 g",
jumbo-yoghurtje-fruit-met-aardbeien-200-g-578580STK.html,2026-06-23 11:20:58.821894,Jumbo,Yoghurt,578580STK,Jumbo Yoghurtje Fruit met Aardbeien 200 g,"Prijs: € 1,39 1 39","€ 6,95 per kilo 6,95 / kilo",kJ 375 / kcal 89,"2,8 g","11,9 g","11,3 g","3,9 g","0,13 g*"
jumbo.html,2026-06-23 11:20:58.919396,Jumbo,Yoghurt,jumbo,Yoghurt en skyr,"Prijs: € 1,79 1 79","€ 1,79 per kilo 1,79 / kilo",,,,,,
katharos-yoghurt-griekse-stijl-naturel-500-g-158329BKR.html,2026-06-23 11:20:58.979497,Jumbo,Yoghurt,158329BKR,Katharos Yoghurt Griekse Stijl Naturel 500 g,"Prijs: € 1,99 1 99","€ 3,98 per kilo 3,98 / kilo",500.0 kJ,10.0 g,4.2 g,4.2 g,3.5 g,0.1 g
la-fermiere-bosbessen-bramen-yoghurt-160-g-578581POT.html,2026-06-23 11:20:59.038809,Jumbo,Yoghurt,578581POT,La Fermière Bosbessen & Bramen Yoghurt 160 g,"Prijs: € 1,49 1 49","€ 9,31 per kilo 9,31 / kilo",,,,,,
la-fermiere-perzik-mango-yoghurt-160-g-578610POT.html,2026-06-23 11:20:59.099449,Jumbo,Yoghurt,578610POT,La Fermière Perzik Mango Yoghurt 160 g,"Prijs: € 1,49 1 49","€ 9,31 per kilo 9,31 / kilo",,,,,,
magere-yoghurt-1-l-619617PAK.html,2026-06-23 11:20:59.186077,Jumbo,Yoghurt,619617PAK,Magere yoghurt 1 L,"Prijs: € 0,85 0 85","€ 0,85 per liter 0,85 / liter",155.0 kJ,0.1 g,4.1 g,4.1 g,4.8 g,0.15 g
magere-yoghurt.html,2026-06-23 11:20:59.257089,Jumbo,Yoghurt,yoghurt,Magere yoghurt,"Prijs: € 1,95 1 95","€ 1,95 per liter 1,95 / liter",,,,,,
melkunie-breaker-banaan-yoghurt-6-x-200-g-577739TRL.html,2026-06-23 11:20:59.577973,Jumbo,Yoghurt,577739TRL,Melkunie Breaker Banaan Yoghurt 6 x 200 g,"Prijs: € 9,54 9 54","€ 7,95 per kilo 7,95 / kilo",369 kJ 88 kcal,3.0 g,11 g,9.5 g,3.1 g,0.09 g
"melkunie-breaker-drinkyoghurt-aardbei-0,5-vet-350-ml-680671FLS.html",2026-06-23 11:20:59.642074,Jumbo,Yoghurt,680671FLS,"Melkunie Breaker Drinkyoghurt Aardbei 0,5% Vet 350 ml","Prijs: € 1,69 1 69","€ 4,83 per liter 4,83 / liter",230 kJ 54 kcal,0.5 g,8.4 g,8.0 g,3.3 g,0.10 g
"melkunie-breaker-drinkyoghurt-mango-banaan-0,5-vet-350-ml-680585FLS.html",2026-06-23 11:20:59.706853,Jumbo,Yoghurt,680585FLS,"Melkunie Breaker Drinkyoghurt Mango Banaan 0,5% Vet 350 ml","Prijs: € 1,69 1 69","€ 4,83 per liter 4,83 / liter",228 kJ 54 kcal,0.5 g,8.4 g,8.0 g,3.3 g,0.10 g
melkunie-breaker-original-yoghurt-aardbei-6-x-200-g-577752TRL.html,2026-06-23 11:20:59.779734,Jumbo,Yoghurt,577752TRL,Melkunie Breaker Original Yoghurt Aardbei 6 x 200 g,"Prijs: € 9,54 9 54","€ 7,95 per kilo 7,95 / kilo",379 kJ 90 kcal,3.0 g,12 g,11 g,3.1 g,0.12 g
melkunie-breaker-originals-aardbei-yoghurt-200-g-577752TUB.html,2026-06-23 11:20:59.840795,Jumbo,Yoghurt,577752TUB,Melkunie Breaker Originals Aardbei Yoghurt 200 g,"Prijs: € 1,59 1 59","€ 7,95 per kilo 7,95 / kilo",379 kJ 90 kcal,3.0 g,12 g,11 g,3.1 g,0.12 g
melkunie-breaker-originals-banaan-yoghurt-200-g-577739TUB.html,2026-06-23 11:20:59.900877,Jumbo,Yoghurt,577739TUB,Melkunie Breaker Originals Banaan Yoghurt 200 g,"Prijs: € 1,59 1 59","€ 7,95 per kilo 7,95 / kilo",369 kJ 88 kcal,3.0 g,11 g,9.5 g,3.1 g,0.09 g
melkunie-breaker-originals-banana-yoghurt-3x-200-g-736530STK.html,2026-06-23 11:20:59.966886,Jumbo,Yoghurt,736530STK,Melkunie Breaker Originals Banana Yoghurt 3x 200 g,"Prijs: € 4,77 4 77","€ 7,95 per kilo 7,95 / kilo",,,,,,
melkunie-breaker-originals-cherry-yoghurt-with-sunflower-seeds-3x-200-g-736564STK.html,2026-06-23 11:21:00.021130,Jumbo,Yoghurt,736564STK,Melkunie Breaker Originals Cherry Yoghurt with Sunflower Seeds 3x 200 g,"Prijs: € 4,77 4 77","€ 7,95 per kilo 7,95 / kilo",,,,,,
melkunie-breaker-originals-kers-yoghurt-met-zonnebloempitten-200-g-577757TUB.html,2026-06-23 11:21:00.078470,Jumbo,Yoghurt,577757TUB,Melkunie Breaker Originals Kers Yoghurt met zonnebloempitten 200 g,"Prijs: € 1,59 1 59","€ 7,95 per kilo 7,95 / kilo",404 kJ 96 kcal,4.0 g,11 g,9.2 g,3.6 g,0.11 g
melkunie-breaker-originals-peach-yoghurt-with-sunflower-seeds-3x-200-g-736562STK.html,2026-06-23 11:21:00.154474,Jumbo,Yoghurt,736562STK,Melkunie Breaker Originals Peach Yoghurt with Sunflower Seeds 3x 200 g,"Prijs: € 6,36 6 36","€ 7,95 per kilo 7,95 / kilo",,,,,,
melkunie-breaker-originals-perzik-yoghurt-met-zonnebloempitten-200-g-577800TUB.html,2026-06-23 11:21:00.223186,Jumbo,Yoghurt,577800TUB,Melkunie Breaker Originals Perzik Yoghurt met zonnebloempitten 200 g,"Prijs: € 1,59 1 59","€ 7,95 per kilo 7,95 / kilo",405 kJ 97 kcal,4.0 g,11 g,9.2 g,3.6 g,0.09 g
melkunie-breaker-originals-strawberry-yoghurt-3x-200-g-736527STK.html,2026-06-23 11:21:00.269776,Jumbo,Yoghurt,736527STK,Melkunie Breaker Originals Strawberry Yoghurt 3x 200 g,"Prijs: € 4,77 4 77","€ 7,95 per kilo 7,95 / kilo",,,,,,
melkunie-breaker-originals-vanilla-yoghurt-3x-200-g-736554STK.html,2026-06-23 11:21:00.312871,Jumbo,Yoghurt,736554STK,Melkunie Breaker Originals Vanilla Yoghurt 3x 200 g,"Prijs: € 4,77 4 77","€ 7,95 per kilo 7,95 / kilo",,,,,,
melkunie-breaker-originals-vanille-yoghurt-200-g-577771TUB.html,2026-06-23 11:21:00.362719,Jumbo,Yoghurt,577771TUB,Melkunie Breaker Originals Vanille Yoghurt 200 g,"Prijs: € 1,59 1 59","€ 7,95 per kilo 7,95 / kilo",376 kJ 89 kcal,3.1 g,12 g,10 g,,0.10 g
melkunie-breaker-specials-appeltaart-yoghurt-200-g-613159ZK.html,2026-06-23 11:21:00.410501,Jumbo,Yoghurt,613159ZK,Melkunie Breaker Specials Appeltaart Yoghurt 200 g,"Prijs: € 1,69 1 69","€ 8,45 per kilo 8,45 / kilo",379 kJ 90 kcal,3.1 g,12 g,11 g,3.2 g,0.10 g
melkunie-breaker-specials-cheesecake-framboos-yoghurt-200-g-577754ZK.html,2026-06-23 11:21:00.465868,Jumbo,Yoghurt,577754ZK,Melkunie Breaker Specials Cheesecake framboos Yoghurt 200 g,"Prijs: € 1,69 1 69","€ 8,45 per kilo 8,45 / kilo",374 kJ 89 kcal,3.0 g,11 g,10 g,3.2 g,0.10 g
melkunie-breaker-specials-lemon-cheesecake-yoghurt-200-g-680581ZK.html,2026-06-23 11:21:00.513480,Jumbo,Yoghurt,680581ZK,Melkunie Breaker Specials Lemon Cheesecake Yoghurt 200 g,"Prijs: € 1,69 1 69","€ 8,45 per kilo 8,45 / kilo",381 kJ 90 kcal,3.2 g,12 g,11 g,3.2 g,0.14 g
melkunie-breaker-specials-lemon-cheesecake-yoghurt-3x-200-g-736569STK.html,2026-06-23 11:21:00.555968,Jumbo,Yoghurt,736569STK,Melkunie Breaker Specials Lemon Cheesecake Yoghurt 3x 200 g,"Prijs: € 5,07 5 07","€ 8,45 per kilo 8,45 / kilo",,,,,,
melkunie-breaker-specials-stracciatella-yoghurt-200-g-577770ZK.html,2026-06-23 11:21:00.617661,Jumbo,Yoghurt,577770ZK,Melkunie Breaker Specials Stracciatella Yoghurt 200 g,"Prijs: € 1,69 1 69","€ 8,45 per kilo 8,45 / kilo",422 kJ 101 kcal,4.0 g,12 g,11 g,3.2 g,0.09 g
melkunie-breaker-specials-stracciatella-yoghurt-3x-200-g-736532STK.html,2026-06-23 11:21:00.659412,Jumbo,Yoghurt,736532STK,Melkunie Breaker Specials Stracciatella Yoghurt 3x 200 g,"Prijs: € 5,07 5 07","€ 8,45 per kilo 8,45 / kilo",,,,,,
melkunie-breaker-vanille-yoghurt-6-x-200-g-577771TRL.html,2026-06-23 11:21:00.705040,Jumbo,Yoghurt,577771TRL,Melkunie Breaker Vanille Yoghurt 6 x 200 g,"Prijs: € 9,54 9 54","€ 7,95 per kilo 7,95 / kilo",376 kJ 89 kcal,3.1 g,12 g,10 g,,0.10 g
melkunie-breaker-zero-aardbei-yoghurt-200-g-603218ZK.html,2026-06-23 11:21:00.767387,Jumbo,Yoghurt,603218ZK,Melkunie Breaker Zero Aardbei Yoghurt 200 g,"Prijs: € 1,69 1 69","€ 8,45 per kilo 8,45 / kilo",268 kJ 64 kcal,3.0 g,6.7 g,3.9 g,3.2 g,0.11 g
melkunie-breaker-zero-banaan-yoghurt-200-g-603223ZK.html,2026-06-23 11:21:00.817362,Jumbo,Yoghurt,603223ZK,Melkunie Breaker Zero Banaan Yoghurt 200 g,"Prijs: € 1,69 1 69","€ 8,45 per kilo 8,45 / kilo",279 kJ 67 kcal,3.0 g,7.3 g,4.5 g,3.3 g,0.11 g
melkunie-breaker-zero-banana-yoghurt-3x-200-g-736547STK.html,2026-06-23 11:21:00.858444,Jumbo,Yoghurt,736547STK,Melkunie Breaker Zero Banana Yoghurt 3x 200 g,"Prijs: € 5,07 5 07","€ 8,45 per kilo 8,45 / kilo",,,,,,
melkunie-breaker-zero-peach-yoghurt-200-g-685859ZK.html,2026-06-23 11:21:00.944945,Jumbo,Yoghurt,685859ZK,Melkunie Breaker Zero Peach Yoghurt 200 g,"Prijs: € 1,69 1 69","€ 8,45 per kilo 8,45 / kilo",265 kJ 63 kcal,3.0 g,6.8 g,4.0 g,3.2 g,0.10 g
melkunie-breaker-zero-peach-yoghurt-3x-200-g-736570STK.html,2026-06-23 11:21:01.002340,Jumbo,Yoghurt,736570STK,Melkunie Breaker Zero Peach Yoghurt 3x 200 g,"Prijs: € 5,07 5 07","€ 8,45 per kilo 8,45 / kilo",,,,,,
melkunie-breaker-zero-strawberry-yoghurt-3x-200-g-736542STK.html,2026-06-23 11:21:01.048969,Jumbo,Yoghurt,736542STK,Melkunie Breaker Zero Strawberry Yoghurt 3x 200 g,"Prijs: € 5,07 5 07","€ 8,45 per kilo 8,45 / kilo",,,,,,
melkunie.html,2026-06-23 11:21:01.130048,Jumbo,Yoghurt,melkunie,Yoghurt en skyr,"Prijs: € 9,54 9 54","€ 7,95 per kilo 7,95 / kilo",,,,,,
"oing-roer-yoghurt-naturel-1,5-vet-500-g-201541CUP.html",2026-06-23 11:21:01.172745,Jumbo,Yoghurt,201541CUP,"Öing Roer Yoghurt Naturel 1,5% Vet 500 g","Prijs: € 0,79 0 79","€ 1,58 per kilo 1,58 / kilo",,,,,,
optimel-magere-yoghurt-aardbei-0-vet-1l-62067PAK.html,2026-06-23 11:21:01.221587,Jumbo,Yoghurt,62067PAK,Optimel Magere Yoghurt Aardbei 0% Vet 1L,"Prijs: € 2,59 2 59","€ 2,59 per liter 2,59 / liter",154.0 kJ,0.0 g,4.7 g,3.4 g,3.3 g,0.14 g
optimel-magere-yoghurt-bosvruchten-0-vet-1l-62066PAK.html,2026-06-23 11:21:01.281242,Jumbo,Yoghurt,62066PAK,Optimel Magere Yoghurt Bosvruchten 0% Vet 1L,"Prijs: € 2,49 2 49","€ 2,49 per liter 2,49 / liter",158.0 kJ,0.0 g,4.8 g,3.6 g,3.4 g,0.12 g
optimel-magere-yoghurt-perzik-passievrucht-0-vet-1l-62068PAK.html,2026-06-23 11:21:01.325429,Jumbo,Yoghurt,62068PAK,Optimel Magere Yoghurt Perzik Passievrucht 0% Vet 1L,"Prijs: € 2,49 2 49","€ 2,49 per liter 2,49 / liter",155.0 kJ,0.0 g,4.9 g,3.6 g,3.3 g,0.12 g
optimel-magere-yoghurt-vanille-0-vet-1l-62069PAK.html,2026-06-23 11:21:01.373955,Jumbo,Yoghurt,62069PAK,Optimel Magere Yoghurt Vanille 0% Vet 1L,"Prijs: € 2,49 2 49","€ 2,49 per liter 2,49 / liter",147.0 kJ,0.0 g,4.3 g,3.2 g,3.3 g,0.12 g
optimel-vezels-yoghurt-aardbei-bosbes-0-vet-450-g-736149CUP.html,2026-06-23 11:21:01.548383,Jumbo,Yoghurt,736149CUP,Optimel Vezels Yoghurt Aardbei Bosbes 0% Vet 450 g,"Prijs: € 2,49 2 49","€ 5,53 per kilo 5,53 / kilo",235.0 kJ,0.0 g,6.0 g,3.5 g,4.5 g,0.2 g
optimel-vezels-yoghurt-mango-kiwi-banaan-0-vet-450-g-736148CUP.html,2026-06-23 11:21:01.592340,Jumbo,Yoghurt,736148CUP,Optimel Vezels Yoghurt Mango Kiwi Banaan 0% Vet 450 g,"Prijs: € 2,49 2 49","€ 5,53 per kilo 5,53 / kilo",235.0 kJ,0.0 g,6.0 g,3.8 g,4.5 g,0.18 g
optimel-yoghurt-framboos-granaatappel-0-vet-limited-edition-1l-64064PAK.html,2026-06-23 11:21:01.644051,Jumbo,Yoghurt,64064PAK,Optimel Yoghurt Framboos Granaatappel 0% Vet Limited Edition 1L,"Prijs: € 2,69 2 69","€ 2,69 per liter 2,69 / liter",165.0 kJ,0.0 g,5.3 g,4.1 g,3.4 g,0.12 g
pur-natur-bio-yoghurt-750-g-376103CUP.html,2026-06-23 11:21:01.889364,Jumbo,Yoghurt,376103CUP,Pur Natur Bio Yoghurt 750 g,"Prijs: € 2,77 2 77","€ 3,69 per kilo 3,69 / kilo",280.0 kJ,3.9 g,4.6 g,4.6 g,3.4 g,0.13 g
skyr.html,2026-06-23 11:21:01.983662,Jumbo,Yoghurt,skyr,Skyr,"Prijs: € 3,25 3 25","€ 3,25 per kilo 3,25 / kilo",,,,,,
turkse-yoghurt.html,2026-06-23 11:21:02.044000,Jumbo,Yoghurt,yoghurt,Turkse yoghurt,"Prijs: € 2,29 2 29","€ 2,29 per kilo 2,29 / kilo",,,,,,
vanille-yoghurt.html,2026-06-23 11:21:02.110116,Jumbo,Yoghurt,yoghurt,Vanille yoghurt,"Prijs: € 1,79 1 79","€ 1,79 per liter 1,79 / liter",,,,,,
volle-yoghurt-1-l-619640PAK.html,2026-06-23 11:21:02.174894,Jumbo,Yoghurt,619640PAK,Volle Yoghurt 1 L,"Prijs: € 1,38 1 38","€ 1,38 per liter 1,38 / liter",260.0 kJ,3.0 g,4.1 g,4.1 g,4.6 g,0.14 g
volle-yoghurt.html,2026-06-23 11:21:02.239969,Jumbo,Yoghurt,yoghurt,Volle yoghurt,"Prijs: € 2,19 2 19","€ 2,19 per liter 2,19 / liter",,,,,,
vruchtenyoghurt.html,2026-06-23 11:21:02.322137,Jumbo,Yoghurt,vruchtenyoghurt,Vruchtenyoghurt,"Prijs: € 1,45 1 45","€ 1,45 per liter 1,45 / liter",,,,,,
xxl-nutrition-fit-yoghurt-granola-aardbei-200g-660840CUP.html,2026-06-23 11:21:02.375455,Jumbo,Yoghurt,660840CUP,XXL Nutrition Fit Yoghurt Granola Aardbei 200g,"Prijs: € 1,99 1 99","€ 9,95 per kilo 9,95 / kilo",353.0 kJ,1.5 g,7.4 g,4.2 g,10.0 g,0.11 g
xxl-nutrition-fit-yoghurt-granola-vanille-200g-660843CUP.html,2026-06-23 11:21:02.424656,Jumbo,Yoghurt,660843CUP,XXL Nutrition Fit Yoghurt Granola Vanille 200g,"Prijs: € 1,99 1 99","€ 9,95 per kilo 9,95 / kilo",348.0 kJ,1.5 g,7.1 g,4.0 g,10.0 g,0.11 g
yoghurt-en-skyr.html,2026-06-23 11:21:02.527017,Jumbo,Yoghurt,skyr,"Zuivel, boter en eieren","Prijs: € 2,19 2 19","€ 2,19 per liter 2,19 / liter",,,,,,
zuivelhoeve-boer-n-yoghurt-aardbei-750-g-551002EM.html,2026-06-23 11:21:02.587743,Jumbo,Yoghurt,551002EM,Zuivelhoeve Boer'n yoghurt® Aardbei 750 g,"Prijs: € 2,99 2 99","€ 3,99 per kilo 3,99 / kilo",366 kJ / 87 kcal,"3,5 g","9,5 g",,"4,3 g","0,15 g"
zuivelhoeve-boer-n-yoghurt-aardbei-muesli-170-g-578076CUP.html,2026-06-23 11:21:02.636150,Jumbo,Yoghurt,578076CUP,Zuivelhoeve Boer'n yoghurt® Aardbei & Muesli 170 g,"Prijs: € 1,89 1 89","€ 11,12 per kilo 11,12 / kilo",544 kJ / 130 kcal,"4,9 g",16 g,,"4,9 g","0,22 g"
zuivelhoeve-boer-n-yoghurt-bosvruchten-750-g-551003EM.html,2026-06-23 11:21:02.691398,Jumbo,Yoghurt,551003EM,Zuivelhoeve Boer'n yoghurt® Bosvruchten 750 g,"Prijs: € 2,99 2 99","€ 3,99 per kilo 3,99 / kilo",362 kJ / 86 kcal,"3,6 g","8,9 g",,"4,4 g","0,15 g"
zuivelhoeve-boer-n-yoghurt-bosvruchten-muesli-170-g-578077CUP.html,2026-06-23 11:21:02.748862,Jumbo,Yoghurt,578077CUP,Zuivelhoeve Boer'n yoghurt® Bosvruchten & Muesli 170 g,"Prijs: € 1,89 1 89","€ 11,12 per kilo 11,12 / kilo",542 kJ / 129 kcal,"4,9 g",16 g,,"4,7 g","0,22 g"
zuivelhoeve-boer-n-yoghurt-naturel-muesli-170-g-578070CUP.html,2026-06-23 11:21:02.794621,Jumbo,Yoghurt,578070CUP,Zuivelhoeve Boer'n yoghurt® Naturel & Muesli 170 g,"Prijs: € 1,89 1 89","€ 11,12 per kilo 11,12 / kilo",448 kJ 107 kcal,"5,3 g","8,9 g","4,7 g","5,6 g","0,22 g"
zuivelhoeve-boer-n-yoghurt-vanille-750-g-594215EM.html,2026-06-23 11:21:02.843674,Jumbo,Yoghurt,594215EM,Zuivelhoeve Boer'n yoghurt® Vanille 750 g,"Prijs: € 2,99 2 99","€ 3,99 per kilo 3,99 / kilo",390 kJ / 93 kcal,"3,5 g",11 g,,"4,3 g","0,15 g"
zuivelhoeve-boer-n-yoghurt-vanille-muesli-170-g-578075CUP.html,2026-06-23 11:21:02.902420,Jumbo,Yoghurt,578075CUP,Zuivelhoeve Boer'n yoghurt® Vanille & Muesli 170 g,"Prijs: € 1,89 1 89","€ 11,12 per kilo 11,12 / kilo",559 kJ / 133 kcal,"4,9 g",17 g,,"4,9 g","0,22 g"
